<?xml version="1.0" encoding="UTF-8"?>
<!DOCTYPE mapper PUBLIC "-//mybatis.org//DTD Mapper 3.0//EN" "http://mybatis.org/dtd/mybatis-3-mapper.dtd">
<mapper namespace="com.intellif.cloud.personfile.manage.services.base">

  <sql id="BigdataAnalysisArchive_Base_Column_2_List">
    a.id, a.task_id, a.aid, a.cid, a.person_name, a.curr_addr, a.face_url, a.event_times, a.image_count,
    a.lingerd_count, a.image_id, a.image_url, a.gender, a.sys_code,
    a.create_time, a.create_by, a.modify_time, a.modify_by
  </sql>

  <select id="findAnalysisArchiveByParams" resultMap="BigdataAnalysisArchiveBaseResultMap">
    select 
    <include refid="BigdataAnalysisArchive_Base_Column_2_List" />
    from t_bigdata_analysis_archive a
    <trim prefix="where" suffix="and 1 = 1" prefixOverrides="and">
      <if test="taskId != null">
        and a.task_id = #{taskId}
      </if>
      <if test="aid != null">
        and a.aid = #{aid}
      </if>
      <if test="peerNum != null">
        and a.event_times &gt;= #{peerNum}
      </if>
    </trim>
  </select>

  <delete id="deleteBigdataAnalysisArchiveByTaskId" parameterType="java.lang.Long">
    delete from t_bigdata_analysis_archive
    where task_id = #{taskId,jdbcType=BIGINT}
  </delete>

</mapper>