<?xml version="1.0" encoding="UTF-8"?>
<!DOCTYPE mapper PUBLIC "-//mybatis.org//DTD Mapper 3.0//EN" "http://mybatis.org/dtd/mybatis-3-mapper.dtd">
<mapper namespace="com.intellif.cloud.personfile.manage.services.base">
    <sql id="PersonfileTypeBase_Column_List">
        id,
        create_time,
        modify_time,
        label_id,
        label_name,
        total
    </sql>
    <!--查询全部的人员类型统计-->
    <select id="findAllStatisticPersonfileType"
            resultMap="StatisticPersonfileTypeBaseResultMap">
        select
        <include refid="PersonfileTypeBase_Column_List"></include>
        from
        t_bigdata_statistic_label_distribute
        where
        is_deleted=0
        order by
        total
        desc
    </select>

    <!--根据人员类型id统计人员类型数量-->
    <select id="countPersonfileTypeByTypeId" parameterType="java.lang.Integer" resultType="int">
        SELECT count(0)
        from t_bigdata_statistic_label_distribute
        where label_id = #{personFileTypeId}
    </select>

    <!--根据人员类型id修改人员类型名称-->
    <update id="updatePersonfileTypeNameByTypeId" parameterType="java.util.Map">
        UPDATE t_bigdata_statistic_label_distribute
        SET label_name = #{personFileTypeName}
        where label_id = #{personFileTypeId}
    </update>

    <!--根据人员类型id累加人员档案数量-->
    <update id="updateNumByPersonTypeId" parameterType="java.util.Map">
        UPDATE t_bigdata_statistic_label_distribute
        SET total=total + #{personFileNum}
        where label_id = #{personFileTypeId}
    </update>

    <!--根据人员类型id删除类型统计-->
    <update id="deletePersonfileTypeByTypeId"
            parameterType="com.intellif.cloud.personfile.manage.entity.StatisticPersonfileType">
        UPDATE t_bigdata_statistic_label_distribute
        SET is_deleted = #{deleteStatus}
        where label_id = #{personFileTypeId}
    </update>
</mapper>