<?xml version="1.0" encoding="UTF-8"?>
<!DOCTYPE mapper PUBLIC "-//mybatis.org//DTD Mapper 3.0//EN" "http://mybatis.org/dtd/mybatis-3-mapper.dtd">
<mapper namespace="com.intellif.cloud.personfile.manage.services.base">

  <select id="findAnalysisEventByParams" resultMap="BigdataAnalysisEventBaseResultMap">
    select 
    <include refid="BigdataAnalysisEvent_Base_Column_List" />
    from t_bigdata_analysis_event
    <trim prefix="where" suffix="and 1 = 1" prefixOverrides="and">
      <if test="taskId != null">
        and task_id = #{taskId}
      </if>
      <if test="aid != null and !isPeer">
        and aid = #{aid}
      </if>
      <if test="aid != null and isPeer">
        and (aid = #{aid} or source_aid = #{aid})
      </if>
      <if test="cameraId != null">
        and camera_id = #{cameraId}
      </if>
      <if test="areaCode != null">
        and area_code = #{areaCode}
      </if>
      <if test="snapDate != null">
        and date = #{snapDate}
      </if>
      <if test="date != null">
        and date = #{date}
      </if>
      <if test="startTime != null and endTime != null">
        and (time &lt;= #{endTime} and time &gt;= #{startTime})
      </if>
    </trim>
    order by time desc
  </select>

  <select id="findMaxTimeAndMinTimeByParams" resultType="java.util.Map">
    select
      count(id) imageCount,
      max(time) endTime,
      min(time) startTime
    from t_bigdata_analysis_event
    <trim prefix="where" suffix="and 1 = 1" prefixOverrides="and">
      <if test="taskId != null">
        and task_id = #{taskId}
      </if>
      <if test="aid != null and !isPeer">
        and aid = #{aid}
      </if>
      <if test="aid != null and isPeer">
        and (aid = #{aid} or source_aid = #{aid})
      </if>
      <if test="cameraId != null">
        and camera_id = #{cameraId}
      </if>
      <if test="areaCode != null">
        and area_code = #{areaCode}
      </if>
      <if test="date != null">
        and date = #{date}
      </if>
      <if test="startTime != null and endTime != null">
        and (time &lt;= #{endTime} and time &gt;= #{startTime})
      </if>
    </trim>
  </select>

  <select id="findCountByParams" resultType="java.lang.Long">
    select
     count(1)
    from t_bigdata_analysis_event
    <trim prefix="where" suffix="and 1 = 1" prefixOverrides="and">
      <if test="taskId != null">
        and task_id = #{taskId}
      </if>
      <if test="aid != null and !isPeer">
        and aid = #{aid}
      </if>
      <if test="aid != null and isPeer">
        and (aid = #{aid} or source_aid = #{aid})
      </if>
      <if test="cameraId != null">
        and camera_id = #{cameraId}
      </if>
      <if test="areaCode != null">
        and area_code = #{areaCode}
      </if>
      <if test="date != null">
        and date = #{date}
      </if>
    </trim>
  </select>

  <delete id="deleteBigdataAnalysisEventByTaskId" parameterType="java.lang.Long">
    delete from t_bigdata_analysis_event
    where task_id = #{taskId}
  </delete>

  <select id="findMaxMinDateByPage" resultType="java.util.Map">
    SELECT
      min( date ) startTime,
      max( date ) endTime
    FROM
	( SELECT date FROM t_bigdata_analysis_event where task_id = #{taskId} and aid = #{aid} GROUP BY date ORDER BY date LIMIT #{page},#{perpage} ) a
  </select>

</mapper>