<?xml version="1.0" encoding="UTF-8"?>
<!DOCTYPE mapper PUBLIC "-//mybatis.org//DTD Mapper 3.0//EN" "http://mybatis.org/dtd/mybatis-3-mapper.dtd">
<mapper namespace="com.intellif.cloud.personfile.manage.services.base">

  <select id="findByBtwStatisticDate" parameterType="java.lang.String" resultMap="StatisticPersonfileBaseResultMap">
    SELECT <include refid="StatisticPersonfileBase_Column_List" />
    FROM t_bigdata_statistic_archive_daily
    where
      dt
    between
      #{start}
    and
      #{end}
    order by dt asc
  </select>

  <select id="findGroupByWeek" parameterType="java.lang.String" resultType="java.util.Map">
    SELECT
        SUM(total) statisticTotal,
        SUM(real_name_total) statisticRealNameTotal,
        SUM(inc_num) statisticNewNum,
        CONCAT( DATE_FORMAT(MIN(dt),'%m-%d'),'~',DATE_FORMAT(MAX(dt),'%m-%d')) statisticWeek,
        DATE_FORMAT(dt,'%Y%u') weekCount
    FROM
        t_bigdata_statistic_archive_daily
    WHERE
        dt
    BETWEEN
        #{start}
    AND
        #{end}
    GROUP BY
        weekCount
    ORDER BY
        weekCount asc
  </select>

  <select id="findTopOne" resultMap="StatisticPersonfileBaseResultMap" parameterType="java.lang.String">
    SELECT
      <include refid="StatisticPersonfileBase_Column_List"/>
    FROM
      t_bigdata_statistic_archive_daily
    WHERE
    dt &lt; #{statisticDate}
    ORDER BY
    dt
    desc
      LIMIT 1
  </select>

  <update id="updateStatistic">
    update
      t_bigdata_statistic_archive_daily
    <set>
      <if test="incTotal != null">
        total = total + #{incTotal},
      </if>
      <if test="incRealNameTotal != null">
        real_name_total = real_name_total + #{incRealNameTotal},
      </if>
    </set>
  </update>

</mapper>