<?xml version="1.0" encoding="UTF-8"?>
<!DOCTYPE mapper PUBLIC "-//mybatis.org//DTD Mapper 3.0//EN" "http://mybatis.org/dtd/mybatis-3-mapper.dtd">
<mapper namespace="com.intellif.cloud.personfile.manage.services.base">

  <select id="findAnalysisCrashAreaByTaskId" parameterType="java.lang.Long" resultMap="BigdataAnalysisCrashAreaBaseResultMap">
    select 
    <include refid="BigdataAnalysisCrashArea_Column_List_2" />
    from t_bigdata_analysis_crash_area
    where task_id = #{taskId,jdbcType=BIGINT}
  </select>

  <select id="findAnalysisCrashAreaByTaskIds" parameterType="java.util.List" resultMap="BigdataAnalysisCrashAreaBaseResultMap">
    select
    <include refid="BigdataAnalysisCrashArea_Column_List_2" />
    from t_bigdata_analysis_crash_area
    where task_id in
    <foreach collection="taskIds" open="(" close=")" separator="," item="taskId">
      #{taskId}
    </foreach>
  </select>

  <update id="deleteByTaskId" parameterType="java.lang.Long">
    update t_bigdata_analysis_crash_area set is_deleted = 1 where task_id = #{taskId}
  </update>

</mapper>