<?xml version="1.0" encoding="UTF-8"?>
<!DOCTYPE mapper PUBLIC "-//mybatis.org//DTD Mapper 3.0//EN" "http://mybatis.org/dtd/mybatis-3-mapper.dtd">
<mapper namespace="com.intellif.cloud.personfile.manage.services.base">
    <sql id="AgeBase_Column_List">
        id, create_time, modify_time, person_file_age_id, person_file_age_name, total
    </sql>
    <!--人员档案年龄统计表-->
    <select id="findStatisticPersonfileAge"
            resultType="com.intellif.cloud.personfile.manage.entity.StatisticPersonfileAge">
        select
            id,
            create_time,
            modify_time modifiedTime,
            person_file_age_id,
            person_file_age_name,
            total personFileAgeNum
        from t_bigdata_statistic_age_daily
    </select>

    <!--根据人员档案年龄id累加人员档案年龄数量-->
    <update id="updateAgeNumByAgeId" parameterType="java.util.Map">
        update t_bigdata_statistic_age_daily set total = #{personFileAgeNum}
        where person_file_age_id=#{personFileAgeId}
    </update>

    <select id="findAgeNumByAgeId" parameterType="java.lang.Integer" resultType="java.lang.Integer">
        select
        total
        from
        t_bigdata_statistic_age_daily
        where
        person_file_age_id = #{ageId}
    </select>
</mapper>