<?xml version="1.0" encoding="UTF-8"?>
<!DOCTYPE mapper PUBLIC "-//mybatis.org//DTD Mapper 3.0//EN" "http://mybatis.org/dtd/mybatis-3-mapper.dtd">
<mapper namespace="com.intellif.cloud.personfile.manage.services.base">

  <select id="findBigdataAccountByAccountAndPassword" resultType="com.intellif.cloud.personfile.manage.entity.BigdataAccount">
    select
    <include refid="BigdataAccount_Base_Column_List" />
    from
    t_bigdata_account
    <trim prefix="where" suffix="and is_deleted = 0" prefixOverrides="and">
      <if test="account != null">
        and binary account = #{account}
      </if>
      <if test="password != null">
        and binary password = #{password}
      </if>
    </trim>
  </select>

</mapper>