<?xml version="1.0" encoding="UTF-8"?>
<!DOCTYPE mapper PUBLIC "-//mybatis.org//DTD Mapper 3.0//EN" "http://mybatis.org/dtd/mybatis-3-mapper.dtd">
<mapper namespace="com.intellif.cloud.personfile.manage.services.base">

    <select id="findByConcerner" resultMap="PersonfileConcernResultMap"
            parameterType="java.lang.String">
        SELECT
        <include refid="PersonfileConcern_Column_List"/>
        FROM t_bigdata_concern
        WHERE concerner = #{concerner}
        AND is_deleted = 0
    </select>

    <sql id="PersonfileConcern_Column_List2">
        concern.id, concern.create_time, concern.create_by, concern.modify_time, concern.modifier, concern.aid, concern.concerner, concern.is_deleted
    </sql>

    <!--统计查询-->
    <select id="findPersonConcernByConcerner" resultMap="PersonfileConcernResultMap"
            parameterType="java.util.Map">
        SELECT
        <include refid="PersonfileConcern_Column_List2"/>
        FROM t_bigdata_concern concern
        inner join t_bigdata_archive basics on basics.aid=concern.aid
        <where>
            AND concern.is_deleted = 0
            AND basics.is_deleted = 0
            AND concerner = #{concerner}
            <if test="startTime!='' and endTime!=''">
                AND concern.create_time between #{startTime} and #{endTime}
            </if>
            <if test="labelIds!=''">
--                 AND basics.label_id=#{labelIds}
            </if>
            <if test="personCid!=''">
                AND basics.cid=#{personCid}
            </if>
            <if test="personName!=''">
                AND basics.name like concat('%',#{personName},'%')
            </if>
        </where>
    </select>

    <select id="findByPersonfileId" resultMap="PersonfileConcernResultMap"
            parameterType="java.lang.String">
        SELECT
        <include refid="PersonfileConcern_Column_List"/>
        FROM t_bigdata_concern
        WHERE aid = #{personFilesId}
        AND is_deleted = 0
    </select>

    <select id="findConcernByPersonfileId" resultMap="PersonfileConcernResultMap"
            parameterType="java.lang.String">
        SELECT
        <include refid="PersonfileConcern_Column_List"/>
        FROM t_bigdata_concern
        WHERE aid = #{personFilesId}
    </select>
</mapper>
