<?xml version="1.0" encoding="UTF-8"?>
<!DOCTYPE mapper PUBLIC "-//mybatis.org//DTD Mapper 3.0//EN" "http://mybatis.org/dtd/mybatis-3-mapper.dtd">
<mapper namespace="com.intellif.cloud.personfile.manage.services.base">

    <select id="findSnapUrlsByPersonfileId" parameterType="java.lang.String" resultType="java.lang.String">
        select DISTINCT thumbnail_url from t_bigdata_event where aid = #{personFileId}
    </select>

    <select id="findFirstSnapTimeByPersonFileId" parameterType="java.lang.String" resultType="java.util.Date">
        SELECT
            b.time
        FROM
            t_bigdata_event b
        WHERE
            b.aid = #{personFileId}
        ORDER BY
            b.time
            ASC
        LIMIT 1
    </select>

    <select id="findSnapTimeAndImageCount" parameterType="java.lang.String" resultType="com.intellif.cloud.personfile.manage.entity.PersonfileBasics" flushCache="true">
      SELECT
	    aid personFilesId,
	    count(DISTINCT thumbnail_id ) imageCount,
	    MAX(time) recentSnapTime
      FROM
        t_bigdata_event where aid > #{personFileId}
      GROUP BY aid
      ORDER BY aid asc
        limit 0,5000
    </select>

    <select id="findSnapTimeAndImageCountByPersonfileId" resultType="com.intellif.cloud.personfile.manage.entity.PersonfileBasics">
      SELECT
	    aid personFilesId,
	    count(DISTINCT thumbnail_id ) imageCount,
	    MAX(time) recentSnapTime
      FROM
        t_bigdata_event where aid in
        <foreach collection="personFileIds" item="aid" separator="," open="(" close=")">
            #{aid}
        </foreach>
        group by aid
    </select>

    <update id="updateSnapAid" parameterType="java.util.List">
        <foreach collection="list" item="item" separator=";">
            update t_bigdata_event set aid = #{item.targetAid} where aid in
            <foreach collection="item.fromAids" item="fromAid" separator="," open="(" close=")">
                 #{fromAid}
            </foreach>
        </foreach>
    </update>

</mapper>
