<?xml version="1.0" encoding="UTF-8"?>
<!DOCTYPE mapper PUBLIC "-//mybatis.org//DTD Mapper 3.0//EN" "http://mybatis.org/dtd/mybatis-3-mapper.dtd">
<mapper namespace="com.intellif.cloud.personfile.manage.services.base">

    <update id="deleteByPersonfileIdPersonfileBasics"
            parameterType="com.intellif.cloud.personfile.manage.entity.PersonfileBasics">
        update t_bigdata_archive
        <set>
            <if test="createTime != null">
                create_time = #{createTime,jdbcType=TIMESTAMP},
            </if>
            <if test="creater != null">
                create_by = #{creater,jdbcType=VARCHAR},
            </if>
            <if test="modifiedTime != null">
                modify_time = #{modifiedTime,jdbcType=TIMESTAMP},
            </if>
            <if test="modifier != null">
                modify_by = #{modifier,jdbcType=VARCHAR},
            </if>
            <if test="domicilePlace != null">
                curr_addr = #{domicilePlace,jdbcType=VARCHAR},
            </if>
            <if test="phoneNumber != null">
                phone_number = #{phoneNumber,jdbcType=VARCHAR},
            </if>
            <if test="residencePlace != null">
                residence_addr = #{residencePlace,jdbcType=VARCHAR},
            </if>
            <if test="sex != null">
                gender = #{sex,jdbcType=INTEGER},
            </if>
            <if test="age != null">
                age = #{age,jdbcType=INTEGER},
            </if>
            <if test="phoneMac != null">
                phone_mac = #{phoneMac,jdbcType=VARCHAR},
            </if>
            <if test="transportationCard != null">
                transportation_card = #{transportationCard,jdbcType=VARCHAR},
            </if>
            <if test="transportation != null">
                transportation = #{transportation,jdbcType=VARCHAR},
            </if>
            <if test="birthDate != null">
                birthday = #{birthDate,jdbcType=DATE},
            </if>
            <if test="isDeleted != null">
                is_deleted = #{isDeleted,jdbcType=INTEGER},
            </if>
        </set>
        where aid = #{personFilesId,jdbcType=BIGINT}
    </update>

    <update id="updatePersonfileStatistic" parameterType="java.util.List">
        <foreach collection="list" item="item" separator=";" open="" close="">
            update ${item.tableName}
            set image_count = #{item.imageCount}, recent_snap_time = #{item.recentSnapTime}
            where aid = #{item.personFilesId}
        </foreach>
    </update>

    <select id="findBaseInfoByPersonFileId" parameterType="java.lang.String" resultMap="PersonfileBasicsResultMap" flushCache="true">
        select
            archive.aid,
            curr_addr,
            phone_number,
            residence_addr,
            gender,
            age,
            phone_mac,
            transportation_card,
            transportation,
            birthday,
            name,
            cid,
            image_count,
            IF(recent_snap_time = '1970-01-01 00:00:00',null,recent_snap_time) recent_snap_time,
            person_file_create_time,
            avatar_url
        from t_bigdata_archive archive
        where archive.aid = #{personFilesId,jdbcType=VARCHAR}
          and archive.is_deleted = 0
    </select>

    <select id="findAutoByParam" parameterType="java.util.Map" resultMap="PersonfileBasicsResultMap">
        select
        <include refid="PersonfileBasics_Column_List"/>
        from
        t_bigdata_archive
        <trim prefix="where" suffix="and 1 = 1" prefixOverrides="and">
            <if test="createTime != null">
                and create_time = #{createTime,jdbcType=TIMESTAMP},
            </if>
            <if test="creater != null">
                and create_by = #{creater,jdbcType=VARCHAR},
            </if>
            <if test="modifiedTime != null">
                and modify_time = #{modifiedTime,jdbcType=TIMESTAMP},
            </if>
            <if test="modifier != null">
                and modify_by = #{modifier,jdbcType=VARCHAR},
            </if>
            <if test="cid != null">
                and cid = #{cid}
            </if>
            <if test="personFilesIds != null">
                and aid in
                <foreach collection="personFilesIds" open="(" close=")" separator="," item="personFilesId"
                         index="index">
                    #{personFilesId}
                </foreach>
            </if>
            <if test="domicilePlace != null">
                and curr_addr = #{domicilePlace,jdbcType=VARCHAR},
            </if>
            <if test="phoneNumber != null">
                and phone_number = #{phoneNumber,jdbcType=VARCHAR},
            </if>
            <if test="residencePlace != null">
                and residence_addr = #{residencePlace,jdbcType=VARCHAR},
            </if>
            <if test="sex != null">
                and gender = #{sex,jdbcType=INTEGER},
            </if>
            <if test="age != null">
                and age = #{age,jdbcType=INTEGER},
            </if>
            <if test="phoneMac != null">
                and phone_mac = #{phoneMac,jdbcType=VARCHAR},
            </if>
            <if test="transportationCard != null">
                and transportation_card = #{transportationCard,jdbcType=VARCHAR},
            </if>
            <if test="transportation != null">
                and transportation = #{transportation,jdbcType=VARCHAR},
            </if>
            <if test="birthDate != null">
                and birthday = #{birthDate,jdbcType=DATE},
            </if>
            and is_deleted = 0
        </trim>
    </select>

    <select id="statisticNewPersonfile" resultType="java.lang.Integer">
        select
        count(*)
        from
        t_bigdata_archive a
        <trim prefix="where" suffix="and 1 = 1" prefixOverrides="and">
            <if test="clusterStartTime != null and clusterEndTime != null">
                and a.person_file_create_time <![CDATA[>=]]> #{clusterStartTime}
                and a.person_file_create_time <![CDATA[<=]]> #{clusterEndTime}
            </if>
            <if test="isRealName">
                and !ISNULL(a.cid)
            </if>
            and a.is_deleted = 0
        </trim>
    </select>

    <select id="statisticAge" resultType="java.lang.Integer" parameterType="java.lang.Integer">
        SELECT
        count(aid)
        FROM  t_bigdata_archive
        where
        <if test="isEqual">
            age = #{startAge}
        </if>
        <if test="!isEqual">
            age &gt; #{startAge} and age &lt;= #{endAge}
        </if>
    </select>

    <select id="findByPersonfileIds" resultType="java.util.Map" parameterType="java.util.List">
        SELECT
        a.aid personFileId,
        b.label_name labelName,
        a.image_count imageCount,
        IF(a.recent_snap_time = '1970-01-01 00:00:00',null,a.recent_snap_time) appearTime
        FROM
        t_bigdata_archive a
        LEFT JOIN
        t_bigdata_archive_label_record b
        ON
        a.aid = b.aid
        WHERE
        1 = 1
        <if test="personFileIds != null">
            and a.aid in
            <foreach collection="personFileIds" open="(" close=")" separator="," item="personFilesId" index="index">
                #{personFilesId}
            </foreach>
        </if>
    </select>

    <select id="findByFilterParams" resultType="com.intellif.cloud.personfile.manage.model.vo.personfile.PersonfileVO">
        <foreach collection="tables" separator=" union all " item="tableName">
            (
                SELECT
                aid personFileId,
                name personName,
                cid personCid,
                image_count,
                avatar_url imageUrl,
                recent_snap_time appearTime,
                create_time createTime,
                0 focused,
                modify_time
                FROM
                ${tableName}
                where
                is_deleted = 0
                <if test="personCid != null and personCid != ''">
                    AND cid = '${personCid}'
                </if>
                <if test="personName != null and personName != ''">
                    AND name is not null
                    AND name = '${personName}'
                </if>
                <if test="timeType == 0 and startTime != null and startTime != ''">
                    AND person_file_create_time <![CDATA[ >= ]]> '${startTime}'
                </if>
                <if test="timeType == 0 and endTime != null and endTime != ''">
                    AND person_file_create_time <![CDATA[ <= ]]> '${endTime}'
                </if>
                <if test="timeType == 2 and startTime != null and startTime != '' and endTime != null and endTime != ''">
                    AND aid NOT IN (select distinct aid from
                    <foreach collection="personFileIdsNotIn" item="eventTableName" separator=" union all " open="(" close=") b)">
                        select aid from ${eventTableName} group by aid
                    </foreach>
                </if>
                <if test="timeType == 1 and startTime != null and startTime != ''">
                    AND recent_snap_time <![CDATA[ >= ]]> '${startTime}'
                </if>
                <if test="timeType == 1 and endTime != null and endTime != ''">
                    AND recent_snap_time <![CDATA[ <= ]]> '${endTime}'
                </if>
                <if test="personFileType != null and personFileType == 1">
                    AND !ISNULL(cid)
                </if>
                <if test="personFileType != null and personFileType == 2">
                    AND ISNULL(cid)
                </if>
                <if test="personFileIds != null and personFileIds.size() > 0">
                    AND aid in
                    <foreach collection="personFileIds" item="personFileId" separator="," open="(" close=")">
                        #{personFileId}
                    </foreach>
                </if>

                <if test="sortName == 0">
                    <if test="lastCreateTime != null and lastAid != null and lastCreateTime != '' and lastAid != ''">
                        AND (create_time &lt; #{lastCreateTime} OR (create_time = #{lastCreateTime} AND aid &lt; #{lastAid}))
                    </if>
                    ORDER BY create_time desc, aid desc
                </if>
                <if test="sortName == 1">
                    <if test="lastRecentSnapTime != null and lastAid != null and lastRecentSnapTime != '' and lastAid != ''">
                        AND (recent_snap_time &lt; #{lastRecentSnapTime} OR (recent_snap_time = #{lastRecentSnapTime} AND aid &lt; #{lastAid}))
                    </if>
                    ORDER BY recent_snap_time desc, aid desc
                </if>
                <if test="sortName == 2">
                    <if test="lastImageCount != null and lastAid != null">
                        AND (image_count &lt; #{lastImageCount} OR (image_count = #{lastImageCount} AND aid &lt; #{lastAid}))
                    </if>
                    ORDER BY image_count desc, aid desc
                </if>

                limit #{singlePage}
            )
        </foreach>

        <if test="sortName == 0">
            ORDER BY createTime desc, personFileId desc
        </if>
        <if test="sortName == 1">
            ORDER BY appearTime desc, personFileId desc
        </if>
        <if test="sortName == 2">
            ORDER BY image_count desc, personFileId desc
        </if>
    </select>

    <select id="findPersonfilePageTotal" resultType="java.lang.Long" parameterType="java.lang.Integer">
        SELECT
        count(*)
        FROM
        t_bigdata_archive a
        where
        a.is_deleted = 0
        <if test="personCid != null and personCid != ''">
            AND a.cid = '${personCid}'
        </if>
        <if test="personName != null and personName != ''">
            AND a.name is not null
            AND a.name = '${personName}'
        </if>
        <if test="timeType == 0 and startTime != null and startTime != ''">
            AND a.person_file_create_time <![CDATA[ >= ]]> '${startTime}'
        </if>
        <if test="timeType == 0 and endTime != null and endTime != ''">
            AND a.person_file_create_time <![CDATA[ <= ]]> '${endTime}'
        </if>
        <if test="timeType == 2 and startTime != null and startTime != '' and endTime != null and endTime != ''">
            AND aid NOT IN (select distinct aid from
            <foreach collection="personFileIdsNotIn" item="eventTableName" separator=" union all " open="(" close=") b)">
                select aid from ${eventTableName} group by aid
            </foreach>
        </if>
        <if test="timeType == 1 and startTime != null and startTime != ''">
            AND a.recent_snap_time <![CDATA[ >= ]]> '${startTime}'
        </if>
        <if test="timeType == 1 and endTime != null and endTime != ''">
            AND a.recent_snap_time <![CDATA[ <= ]]> '${endTime}'
        </if>
        <if test="personFileType != null and personFileType == 1">
            AND !ISNULL(a.cid)
        </if>
        <if test="personFileType != null and personFileType == 2">
            AND ISNULL(a.cid)
        </if>
        <if test="personFileIds != null and personFileIds.size() > 0">
            AND a.aid in
            <foreach collection="personFileIds" item="personFileId" separator="," open="(" close=")">
                #{personFileId}
            </foreach>
        </if>
    </select>

    <select id="findByPage"
            resultType="com.intellif.cloud.personfile.manage.model.dto.cluster.PersonfileClusterFinishDTO">
        select
            a.aid personFilesId,
            a.person_file_create_time,
            b.feature_info,
            a.algo_version
        from
            t_bigdata_archive a
                left join t_bigdata_avatar_info b on a.aid = b.aid
        where
            a.is_deleted = 0
    </select>

    <select id="findDeletedPersonfilesId" parameterType="java.util.List" resultType="java.lang.String">
        SELECT aid
        FROM t_bigdata_archive
        <if test="personfilesIdList != null and personfilesIdList.size() > 0">
            where aid in
            <foreach collection="personfilesIdList" item="personfilesId" open="(" separator="," close=")">
                #{personfilesId,jdbcType=VARCHAR}
            </foreach>
        </if>
        and is_deleted = 1
    </select>

    <select id="getPersonfile" resultType="java.lang.Integer">
        select
          count(*)
        from
          t_bigdata_archive
        where
          is_deleted = 0
    </select>

    <update id="updateImageCount">
        update t_bigdata_archive
        set image_count = image_count + #{addImageCount}
        where aid = #{personfileId}
    </update>

    <select id="findBaseInfoByLabels" parameterType="java.util.List" resultType="java.lang.String">
        select
        aid
        from
        t_bigdata_archive_label_record
        <choose>
            <when test="lableIdList.size > 0">
                where label_id in
                <foreach collection="lableIdList" item="labelId" open="(" separator="," close=")">
                    #{labelId}
                </foreach>
            </when>
            <otherwise>
                where label_id != null
            </otherwise>
        </choose>
    </select>

    <update id="updateSnapTimeAndImageCount">
        UPDATE
          t_bigdata_archive
        SET
          image_count      = #{imageCount},
          recent_snap_time = #{recentSnapTime}
        where
          aid = #{personFileId}
    </update>

    <select id="findAidAndPersonFileCreateTime" parameterType="java.lang.Integer" resultType="com.intellif.cloud.personfile.manage.entity.PersonfileBasics">
        select
            a.aid personFilesId,
            a.person_file_create_time
        from
            ${table} a
        where
            a.is_deleted = 0
        order by a.aid desc
        limit #{page},#{perpage}
    </select>

</mapper>
