<?xml version="1.0" encoding="UTF-8"?>
<!DOCTYPE mapper PUBLIC "-//mybatis.org//DTD Mapper 3.0//EN" "http://mybatis.org/dtd/mybatis-3-mapper.dtd">
<mapper namespace="com.intellif.cloud.personfile.manage.services.base">

  <select id="findAnalysisActivityByParams" resultMap="BigdataAnalysisActivityBaseResultMap">
    select 
    <include refid="BigdataAnalysisActivity_Base_Column_List" />
    from t_bigdata_analysis_activity
    <trim prefix="where" suffix="and 1 = 1" prefixOverrides="and">
      <if test="taskId != null">
        and task_id = #{taskId}
      </if>
      <if test="aid != null">
        and aid = #{aid}
      </if>
    </trim>
  </select>

</mapper>