<?xml version="1.0" encoding="UTF-8"?>
<!DOCTYPE mapper PUBLIC "-//mybatis.org//DTD Mapper 3.0//EN" "http://mybatis.org/dtd/mybatis-3-mapper.dtd">
<mapper namespace="com.intellif.cloud.personfile.manage.services.base">

  <select id="findAnalysisCrashByParams" resultMap="BigdataAnalysisCrashBaseResultMap">
    select 
    <include refid="BigdataAnalysisCrash_Base_Column_List" />
    from t_bigdata_analysis_crash
    <trim prefix="where" suffix="and 1 = 1" prefixOverrides="and">
      <if test="taskId != null">
        and task_id = #{taskId}
      </if>
      <if test="cameraId != null">
        and camera_id = #{cameraId}
      </if>
      <if test="areaCode != null">
        and area_code = #{areaCode}
      </if>
      <if test="aid != null">
        and aid = #{aid}
      </if>
    </trim>
    order by start_time desc
  </select>

  <delete id="deleteBigdataAnalysisCrashByTaskId" parameterType="java.lang.Long">
    delete from t_bigdata_analysis_crash
    where task_id = #{taskId}
  </delete>

</mapper>