<?xml version="1.0" encoding="UTF-8"?>
<!DOCTYPE mapper PUBLIC "-//mybatis.org//DTD Mapper 3.0//EN" "http://mybatis.org/dtd/mybatis-3-mapper.dtd">
<mapper namespace="com.intellif.cloud.personfile.manage.services.base">

  <select id="findAnalysisTraceByParams" resultMap="BigdataAnalysisTraceBaseResultMap">
    select 
    <include refid="BigdataAnalysisTrace_Base_Column_List" />
    from t_bigdata_analysis_trace
    <trim prefix="where" suffix="and 1 = 1" prefixOverrides="and">
      <if test="taskId != null">
        and task_id = #{taskId}
      </if>
      <if test="date != null">
        and date = #{date}
      </if>
      <if test="startDate != null and endDate != null">
        and date &lt;= #{endDate} and date &gt;= #{startDate}
      </if>
    </trim>
    order by date desc
  </select>

  <select id="findAnalysisTraceByPage" resultType="java.lang.Long">
    select
      date
    from
      t_bigdata_analysis_trace
    where
      task_id = #{taskId}
    group by date
    order by date desc
  </select>

  <select id="findCameraToal" resultType="java.lang.Long">
    select
      count(DISTINCT camera_id)
    from
      t_bigdata_analysis_trace
    where
      task_id = #{taskId}
  </select>

  <select id="findEventToal" resultType="java.lang.Long">
    select
      count(DISTINCT face_id)
    from
      t_bigdata_analysis_event
    where
      task_id = #{taskId}
  </select>

  <delete id="deleteBigdataAnalysisTraceByTaskId" parameterType="java.lang.Long">
    delete from t_bigdata_analysis_trace
    where task_id = #{taskId}
  </delete>

</mapper>