<?xml version="1.0" encoding="UTF-8"?>
<!DOCTYPE mapper PUBLIC "-//mybatis.org//DTD Mapper 3.0//EN" "http://mybatis.org/dtd/mybatis-3-mapper.dtd">
<mapper namespace="com.intellif.cloud.personfile.manage.services.base">

  <select id="findAnalysisPeerByParams" parameterType="java.lang.Long" resultMap="BigdataAnalysisPeerBaseResultMap">
    select 
    <include refid="BigdataAnalysisPeer_Base_Column_List" />
    from t_bigdata_analysis_peer
    <trim prefix="where" suffix="and 1 = 1" prefixOverrides="and">
      <if test="taskId != null">
        and task_id = #{taskId}
      </if>
      <if test="aid != null">
        and aid = #{aid}
      </if>
      <if test="imageCount != null">
        and image_count &gt;= #{imageCount}
      </if>
    </trim>
    order by start_time asc
  </select>

  <delete id="deleteBigdataAnalysisPeerByTaskId" parameterType="java.lang.Long">
    delete from t_bigdata_analysis_peer
    where task_id = #{taskId}
  </delete>

</mapper>