<?xml version="1.0" encoding="UTF-8"?>
<!DOCTYPE mapper PUBLIC "-//mybatis.org//DTD Mapper 3.0//EN" "http://mybatis.org/dtd/mybatis-3-mapper.dtd">
<mapper namespace="com.intellif.cloud.personfile.manage.services.base">

    <select id="findPersonfileLabelList" resultMap="PersonfileLabelResultMap">
        SELECT
        <include refid="PersonfileLabel_Column_List"/>
        FROM t_bigdata_label where is_deleted = 0
    </select>

    <select id="findPersonfileLabelByName"
            parameterType="com.intellif.cloud.personfile.manage.entity.PersonfileLabel"
            resultMap="PersonfileLabelResultMap">
        SELECT
        <include refid="PersonfileLabel_Column_List"/>
        FROM t_bigdata_label
        <where>
            is_deleted = 0
            <if test="id != null">
                and id != #{id,jdbcType=INTEGER}
            </if>
            <if test="labelName != null">
                and label_name = #{labelName,jdbcType=VARCHAR}
            </if>
        </where>
    </select>

    <select id="findPersonfileLabelLikeName"
            parameterType="com.intellif.cloud.personfile.manage.entity.PersonfileLabel"
            resultMap="PersonfileLabelResultMap">
        SELECT
        <include refid="PersonfileLabel_Column_List"/>
        FROM t_bigdata_label
        <where>
            <if test="labelName != null">
                and label_name like concat('%',#{labelName,jdbcType=VARCHAR},'%')
            </if>
            and is_deleted = 0
        </where>
    </select>

    <select id="findPersonfileLabelRecordByPersonfileIds" resultType="com.intellif.cloud.personfile.manage.model.vo.label.PersonfileLabelVO">
        select
          aid,
          label_id,
          label_name
        FROM t_bigdata_archive_label_record
        where
          aid in
        <foreach collection="ids" open="(" close=")" separator="," item="id">
            #{id}
        </foreach>
    </select>

    <select id="findLabelRecordByLabelId" parameterType="java.lang.String" resultType="com.intellif.cloud.personfile.manage.model.vo.label.PersonfileLabelVO">
        select
        aid,
        label_id,
        label_name
        FROM t_bigdata_archive_label_record
        where
        label_id in
        <foreach collection="ids" open="(" close=")" separator="," item="id">
            #{id}
        </foreach>
    </select>
</mapper>
