<?xml version="1.0" encoding="UTF-8"?>
<!DOCTYPE mapper PUBLIC "-//mybatis.org//DTD Mapper 3.0//EN" "http://mybatis.org/dtd/mybatis-3-mapper.dtd">
<mapper namespace="com.intellif.cloud.personfile.manage.services.base">

  <select id="findBigdataAnalysisTaskByTaskName" parameterType="java.lang.String" resultMap="bigdataAnalysisTaskBaseResultMap">
    select
    <include refid="BigdataAnalysisTask_Base_Column_List" />
    from t_bigdata_analysis_task
    where is_deleted = 0 and name = #{name}
  </select>

  <select id="findBigdataAnalysisTaskByStatus" parameterType="java.lang.Integer" resultMap="bigdataAnalysisTaskBaseResultMap">
    select
    <include refid="BigdataAnalysisTask_Base_Column_List" />
    from t_bigdata_analysis_task
    <trim prefix="where" suffix="and 1 = 1" prefixOverrides="and">
      <if test="status != null">
        status = #{status}
      </if>
    </trim>
  </select>

  <update id="updateStatusByOldStatus">
    update t_bigdata_analysis_task set status = #{newStatus}
    where
    1=1
    <if test="taskId != null">
      and id = #{taskId}
    </if>
    and
    status = #{oldStatus}
  </update>

</mapper>