<?xml version="1.0" encoding="UTF-8"?>
<!DOCTYPE mapper PUBLIC "-//mybatis.org//DTD Mapper 3.0//EN" "http://mybatis.org/dtd/mybatis-3-mapper.dtd">
<mapper namespace="com.intellif.cloud.personfile.manage.services.base">
    <resultMap id="PersonfileBasicsResultMap" type="com.intellif.cloud.personfile.manage.entity.PersonfileBasics">
        <result column="create_time" jdbcType="TIMESTAMP" property="createTime"/>
        <result column="create_by" jdbcType="VARCHAR" property="creater"/>
        <result column="modify_time" jdbcType="TIMESTAMP" property="modifiedTime"/>
        <result column="modify_by" jdbcType="VARCHAR" property="modifier"/>
        <result column="aid" jdbcType="VARCHAR" property="personFilesId"/>
        <result column="curr_addr" jdbcType="VARCHAR" property="domicilePlace"/>
        <result column="phone_number" jdbcType="VARCHAR" property="phoneNumber"/>
        <result column="residence_addr" jdbcType="VARCHAR" property="residencePlace"/>
        <result column="gender" jdbcType="INTEGER" property="sex"/>
        <result column="age" jdbcType="INTEGER" property="age"/>
        <result column="phone_mac" jdbcType="VARCHAR" property="phoneMac"/>
        <result column="transportation_card" jdbcType="VARCHAR" property="transportationCard"/>
        <result column="transportation" jdbcType="VARCHAR" property="transportation"/>
        <result column="birthday" jdbcType="DATE" property="birthDate"/>
        <result column="is_deleted" jdbcType="INTEGER" property="isDeleted"/>
        <result column="name" jdbcType="VARCHAR" property="name"/>
        <result column="cid" jdbcType="VARCHAR" property="cid"/>
        <result column="recent_snap_time" jdbcType="TIMESTAMP" property="recentSnapTime"/>
        <result column="person_file_create_time" jdbcType="TIMESTAMP" property="personFileCreateTime"/>
        <result column="image_count" jdbcType="INTEGER" property="imageCount"/>
        <result column="avatar_url" jdbcType="VARCHAR" property="headImageUrl"/>
        <result column="algo_version" jdbcType="VARCHAR" property="algoVersion"/>
    </resultMap>
    <sql id="PersonfileBasics_Column_List">
        create_time,
        create_by,
        modify_time,
        modify_by,
        aid,
        curr_addr,
        phone_number,
        residence_addr,
        gender,
        age,
        phone_mac,
        transportation_card,
        transportation,
        birthday,
        is_deleted,
        name,
        cid,
        recent_snap_time,
        person_file_create_time,
        image_count,
        avatar_url,
        algo_version
    </sql>

    <insert id="insertPersonfileBasics" useGeneratedKeys="true" keyProperty="id"
            parameterType="com.intellif.cloud.personfile.manage.entity.PersonfileBasics">
        insert into ${tableName}
        <trim prefix="(" suffix=")" suffixOverrides=",">
            <if test="createTime != null">
                create_time,
            </if>
            <if test="creater != null">
                create_by,
            </if>
            <if test="modifiedTime != null">
                modify_time,
            </if>
            <if test="modifier != null">
                modify_by,
            </if>
            <if test="personFilesId != null">
                aid,
            </if>
            <if test="domicilePlace != null">
                curr_addr,
            </if>
            <if test="phoneNumber != null">
                phone_number,
            </if>
            <if test="residencePlace != null">
                residence_addr,
            </if>
            <if test="sex != null">
                gender,
            </if>
            <if test="age != null">
                age,
            </if>
            <if test="phoneMac != null">
                phone_mac,
            </if>
            <if test="transportationCard != null">
                transportation_card,
            </if>
            <if test="transportation != null">
                transportation,
            </if>
            <if test="birthDate != null">
                birthday,
            </if>
            <if test="isDeleted != null">
                is_deleted,
            </if>
            <if test="name != null">
                name,
            </if>
            <if test="cid != null">
                cid,
            </if>
            <if test="recentSnapTime != null">
                recent_snap_time,
            </if>
            <if test="personFileCreateTime != null">
                person_file_create_time,
            </if>
            <if test="imageCount != null">
                image_count,
            </if>
            <if test="headImageUrl != null">
                avatar_url,
            </if>
            <if test="algoVersion != null">
                algo_version,
            </if>
        </trim>
        <trim prefix="values (" suffix=")" suffixOverrides=",">
            <if test="createTime != null">
                #{createTime},
            </if>
            <if test="creater != null">
                #{creater},
            </if>
            <if test="modifiedTime != null">
                #{modifiedTime},
            </if>
            <if test="modifier != null">
                #{modifier},
            </if>
            <if test="personFilesId != null">
                #{personFilesId},
            </if>
            <if test="labelId != null">
                #{labelId},
            </if>
            <if test="domicilePlace != null">
                #{domicilePlace},
            </if>
            <if test="phoneNumber != null">
                #{phoneNumber},
            </if>
            <if test="residencePlace != null">
                #{residencePlace},
            </if>
            <if test="sex != null">
                #{sex},
            </if>
            <if test="age != null">
                #{age},
            </if>
            <if test="phoneMac != null">
                #{phoneMac},
            </if>
            <if test="transportationCard != null">
                #{transportationCard},
            </if>
            <if test="transportation != null">
                #{transportation},
            </if>
            <if test="birthDate != null">
                #{birthDate},
            </if>
            <if test="isDeleted != null">
                #{isDeleted},
            </if>
            <if test="name != null">
                #{name},
            </if>
            <if test="cid != null">
                #{cid},
            </if>
            <if test="recentSnapTime != null">
                #{recentSnapTime},
            </if>
            <if test="personFileCreateTime != null">
                #{personFileCreateTime},
            </if>
            <if test="imageCount != null">
                #{imageCount},
            </if>
            <if test="headImageUrl != null">
                #{headImageUrl},
            </if>
            <if test="algoVersion != null">
                #{algoVersion},
            </if>
        </trim>
        on DUPLICATE key UPDATE
        <trim suffixOverrides=",">
            <if test="modifiedTime != null">
                modify_time = #{modifiedTime},
            </if>
            <if test="modifier != null">
                modify_by = #{modifier},
            </if>
            <if test="personFilesId != null">
                aid = #{personFilesId},
            </if>
            <if test="domicilePlace != null">
                curr_addr = #{domicilePlace},
            </if>
            <if test="phoneNumber != null">
                phone_number = #{phoneNumber},
            </if>
            <if test="residencePlace != null">
                residence_addr = #{residencePlace},
            </if>
            <if test="sex != null">
                gender = #{sex},
            </if>
            <if test="age != null">
                age = #{age},
            </if>
            <if test="phoneMac != null">
                phone_mac = #{phoneMac},
            </if>
            <if test="transportationCard != null">
                transportation_card = #{transportationCard},
            </if>
            <if test="transportation != null">
                transportation = #{transportation},
            </if>
            <if test="birthDate != null">
                birthday = #{birthDate},
            </if>
            <if test="isDeleted != null">
                is_deleted = #{isDeleted},
            </if>

            <if test="name != null">
                name = #{name},
            </if>
            <if test="cid != null">
                cid = #{cid},
            </if>
            <if test="recentSnapTime != null">
                recent_snap_time = #{recentSnapTime},
            </if>
            <if test="imageCount != null">
                image_count = #{imageCount},
            </if>
            <if test="headImageUrl != null">
                avatar_url = #{headImageUrl},
            </if>
            <if test="algoVersion != null">
                algo_version = #{algoVersion},
            </if>
        </trim>
    </insert>

    <insert id="batchInsertPersonfileBasics" parameterType="com.intellif.cloud.personfile.manage.entity.PersonfileBasics">
        <foreach collection="list" item="param" separator=";">
            insert into ${param.tableName}
            <trim prefix="(" suffix=")" suffixOverrides=",">
                    aid,
                    curr_addr,
                    phone_number,
                    gender,
                    age,
                    birthday,
                    name,
                    cid,
                    person_file_create_time,
                    avatar_url,
                    algo_version,
            </trim>
            values
            <foreach collection="param.personfileBasics" item="personFile" separator=",">
            <trim prefix="(" suffix=")" suffixOverrides=",">
                    #{personFile.personFilesId},
                    #{personFile.domicilePlace},
                    #{personFile.phoneNumber},
                    #{personFile.sex},
                    #{personFile.age},
                    #{personFile.birthDate},
                    #{personFile.name},
                    #{personFile.cid},
                    #{personFile.personFileCreateTime},
                    #{personFile.headImageUrl},
                    #{personFile.algoVersion}
            </trim>
            </foreach>
            ON DUPLICATE KEY UPDATE
            aid = VALUES(aid),
            curr_addr = VALUES(curr_addr),
            phone_number = VALUES(phone_number),
            gender = VALUES(gender),
            age = VALUES(age),
            birthday = VALUES(birthday),
            name = VALUES(name),
            cid = VALUES(cid)
        </foreach>
    </insert>

    <update id="updatePersonfileBasics"
            parameterType="com.intellif.cloud.personfile.manage.entity.PersonfileBasics">
        update t_bigdata_archive
        <set>
            <if test="domicilePlace != null">
                curr_addr = #{domicilePlace,jdbcType=VARCHAR},
            </if>
            <if test="phoneNumber != null">
                phone_number = #{phoneNumber,jdbcType=VARCHAR},
            </if>
            <if test="residencePlace != null">
                residence_addr = #{residencePlace,jdbcType=VARCHAR},
            </if>
            <if test="sex != null">
                gender = #{sex,jdbcType=INTEGER},
            </if>
            <if test="age != null">
                age = #{age,jdbcType=INTEGER},
            </if>
            <if test="phoneMac != null">
                phone_mac = #{phoneMac,jdbcType=VARCHAR},
            </if>
            <if test="transportationCard != null">
                transportation_card = #{transportationCard,jdbcType=VARCHAR},
            </if>
            <if test="transportation != null">
                transportation = #{transportation,jdbcType=VARCHAR},
            </if>
            <if test="birthDate != null">
                birthday = #{birthDate,jdbcType=DATE},
            </if>
            <if test="isDeleted != null">
                is_deleted = #{isDeleted,jdbcType=INTEGER},
            </if>
            <if test="name != null">
                name = #{name,jdbcType=VARCHAR},
            </if>
            <if test="cid != null or updateFlag">
                cid = if(LENGTH(trim(#{cid})) <![CDATA[ < ]]> 1,null,#{cid}),
            </if>
            <if test="recentSnapTime != null">
                recent_snap_time = #{recentSnapTime,jdbcType=TIMESTAMP},
            </if>
            <if test="personFileCreateTime != null">
                person_file_create_time = #{personFileCreateTime,jdbcType=TIMESTAMP},
            </if>
            <if test="imageCount != null">
                image_count = #{imageCount,jdbcType=INTEGER},
            </if>
            <if test="headImageUrl != null">
                avatar_url = #{headImageUrl,jdbcType=VARCHAR},
            </if>
        </set>
        where aid = #{personFilesId,jdbcType=VARCHAR}
    </update>

    <update id="batchUpdatePersonfileBasics"
            parameterType="com.intellif.cloud.personfile.manage.entity.PersonfileBasics">

        <foreach collection="personFileList" item="item" separator=";">
            update ${item.tableName}
            <set>
                <if test="item.domicilePlace != null">
                    curr_addr = #{item.domicilePlace,jdbcType=VARCHAR},
                </if>
                <if test="item.phoneNumber != null">
                    phone_number = #{item.phoneNumber,jdbcType=VARCHAR},
                </if>
                <if test="item.sex != null">
                    gender = #{item.sex,jdbcType=INTEGER},
                </if>
                <if test="item.age != null">
                    age = #{item.age,jdbcType=INTEGER},
                </if>
                <if test="item.birthDate != null">
                    birthday = #{item.birthDate,jdbcType=DATE},
                </if>
                <if test="item.name != null">
                    name = #{item.name,jdbcType=VARCHAR},
                </if>
                <if test="item.cid != null">
                    cid = if(LENGTH(trim(#{item.cid})) <![CDATA[ < ]]> 1,null,#{item.cid}),
                </if>
                <if test="item.headImageUrl != null">
                    avatar_url = #{item.headImageUrl,jdbcType=VARCHAR},
                </if>
            </set>
            where aid = #{item.personFilesId,jdbcType=VARCHAR}
        </foreach>
    </update>

    <insert id="insertPersonfilelabelRecord"
            parameterType="com.intellif.cloud.personfile.manage.entity.PersonfileLabelRecord">
        insert into t_bigdata_archive_label_record
        <trim prefix="(" suffix=")" suffixOverrides=",">
            <if test="aid != null">
                aid,
            </if>
            <if test="labelId != null">
                label_id,
            </if>
            <if test="labelName != null">
                label_name,
            </if>
        </trim>
        <trim prefix="values (" suffix=")" suffixOverrides=",">
            <if test="aid != null">
                #{aid,jdbcType=VARCHAR},
            </if>
            <if test="labelId != null">
                #{labelId,jdbcType=BIGINT},
            </if>
            <if test="labelName != null">
                #{labelName,jdbcType=VARCHAR},
            </if>
        </trim>
    </insert>

    <delete id="deletePersonfilelabelRecord"
            parameterType="com.intellif.cloud.personfile.manage.entity.PersonfileLabelRecord">
        delete from t_bigdata_archive_label_record
        <where>
            <if test="aid != null">
                aid = #{aid,jdbcType=VARCHAR}
            </if>
            <if test="labelId != null">
                and label_id = #{labelId,jdbcType=BIGINT}
            </if>
        </where>
    </delete>
</mapper>