<?xml version="1.0" encoding="UTF-8"?>
<!DOCTYPE mapper PUBLIC "-//mybatis.org//DTD Mapper 3.0//EN" "http://mybatis.org/dtd/mybatis-3-mapper.dtd">
<mapper namespace="com.intellif.cloud.personfile.manage.services.base">
    <resultMap id="PersonfileLabelResultMap" type="com.intellif.cloud.personfile.manage.entity.PersonfileLabel">
        <id column="id" jdbcType="INTEGER" property="id"/>
        <result column="create_time" jdbcType="TIMESTAMP" property="createTime"/>
        <result column="modify_time" jdbcType="TIMESTAMP" property="modifiedTime"/>
        <result column="label_name" jdbcType="VARCHAR" property="labelName"/>
        <result column="is_deleted" jdbcType="INTEGER" property="isDeleted"/>
    </resultMap>
    <sql id="PersonfileLabel_Column_List">
        id,
        create_time,
        modify_time,
        label_name,
        is_deleted
    </sql>
    <select id="findByIdPersonfileLabel" parameterType="java.lang.Integer" resultMap="PersonfileLabelResultMap">
        select
        <include refid="PersonfileLabel_Column_List"/>
        from t_bigdata_label
        where id = #{id,jdbcType=INTEGER} and is_deleted = 0
    </select>
    <insert id="insertPersonfileLabel" useGeneratedKeys="true" keyProperty="id"
            parameterType="com.intellif.cloud.personfile.manage.entity.PersonfileLabel">
        insert into t_bigdata_label
        <trim prefix="(" suffix=")" suffixOverrides=",">
            <if test="id != null">
                id,
            </if>
            <if test="createTime != null">
                create_time,
            </if>
            <if test="modifiedTime != null">
                modify_time,
            </if>
            <if test="labelName != null">
                label_name,
            </if>
            <if test="isDeleted != null">
                is_deleted,
            </if>
        </trim>
        <trim prefix="values (" suffix=")" suffixOverrides=",">
            <if test="id != null">
                #{id,jdbcType=INTEGER},
            </if>
            <if test="createTime != null">
                #{createTime,jdbcType=TIMESTAMP},
            </if>
            <if test="modifiedTime != null">
                #{modifiedTime,jdbcType=TIMESTAMP},
            </if>
            <if test="labelName != null">
                #{labelName,jdbcType=VARCHAR},
            </if>
            <if test="isDeleted != null">
                #{isDeleted,jdbcType=INTEGER},
            </if>
        </trim>
    </insert>
    <update id="updatePersonfileLabel" parameterType="com.intellif.cloud.personfile.manage.entity.PersonfileLabel">
        update t_bigdata_label a LEFT JOIN t_bigdata_archive_label_record b
        ON a.id = b.label_id
        <if test="labelName != null">
            set a.label_name = #{labelName,jdbcType=VARCHAR},
            b.label_name = #{labelName,jdbcType=VARCHAR}
        </if>
        where a.id = #{id,jdbcType=INTEGER}
    </update>

    <delete id="deletePersonfileLabel" parameterType="com.intellif.cloud.personfile.manage.entity.PersonfileLabel">
        update t_bigdata_label
        <set>
            <if test="isDeleted != null">
                is_deleted = #{isDeleted,jdbcType=INTEGER},
            </if>
        </set>
        where id = #{id,jdbcType=INTEGER}
    </delete>

    <select id="findAllPersonfileLabel" resultMap="PersonfileLabelResultMap">
        select
        <include refid="PersonfileLabel_Column_List"/>
        from t_bigdata_label where is_deleted = 0
    </select>
</mapper>