<?xml version="1.0" encoding="UTF-8"?>
<!DOCTYPE mapper PUBLIC "-//mybatis.org//DTD Mapper 3.0//EN" "http://mybatis.org/dtd/mybatis-3-mapper.dtd">
<mapper namespace="com.intellif.cloud.personfile.manage.services.base">
    <resultMap id="PersonfileRelationShipResultMap"
               type="com.intellif.cloud.personfile.manage.entity.PersonfileRelationShip">
        <id column="id" jdbcType="INTEGER" property="id"/>
        <result column="create_time" jdbcType="TIMESTAMP" property="createTime"/>
        <result column="modify_time" jdbcType="TIMESTAMP" property="modifiedTime"/>
        <result column="label" jdbcType="VARCHAR" property="label"/>
        <result column="relationship_name" jdbcType="VARCHAR" property="relationShipName"/>
        <result column="is_deleted" jdbcType="INTEGER" property="isDeleted"/>
    </resultMap>
    <sql id="PersonfileRelationShip_Column_List">
        id,
        create_time,
        modify_time,
        label,
        relationship_name,
        is_deleted
    </sql>
    <select id="findByIdPersonfileRelationShip" parameterType="java.lang.Integer"
            resultMap="PersonfileRelationShipResultMap">
        select
        <include refid="PersonfileRelationShip_Column_List"/>
        from t_bigdata_relationship
        where id = #{id,jdbcType=INTEGER} and is_deleted = 0
    </select>
    <insert id="insertPersonfileRelationShip" useGeneratedKeys="true" keyProperty="id"
            parameterType="com.intellif.cloud.personfile.manage.entity.PersonfileRelationShip">
        insert into t_bigdata_relationship
        <trim prefix="(" suffix=")" suffixOverrides=",">
            <if test="id != null">
                id,
            </if>
            <if test="createTime != null">
                create_time,
            </if>
            <if test="modifiedTime != null">
                modify_time,
            </if>
            <if test="label != null">
                label,
            </if>
            <if test="relationShipName != null">
                relationship_name,
            </if>
            <if test="isDeleted != null">
                is_deleted,
            </if>
        </trim>
        <trim prefix="values (" suffix=")" suffixOverrides=",">
            <if test="id != null">
                #{id,jdbcType=INTEGER},
            </if>
            <if test="createTime != null">
                #{createTime,jdbcType=TIMESTAMP},
            </if>
            <if test="modifiedTime != null">
                #{modifiedTime,jdbcType=TIMESTAMP},
            </if>
            <if test="label != null">
                #{label,jdbcType=VARCHAR},
            </if>
            <if test="relationShipName != null">
                #{relationShipName,jdbcType=VARCHAR},
            </if>
            <if test="isDeleted != null">
                #{isDeleted,jdbcType=INTEGER},
            </if>
        </trim>
    </insert>
    <update id="updatePersonfileRelationShip"
            parameterType="com.intellif.cloud.personfile.manage.entity.PersonfileRelationShip">
        update t_bigdata_relationship
        <set>
            <if test="createTime != null">
                create_time = #{createTime,jdbcType=TIMESTAMP},
            </if>
            <if test="modifiedTime != null">
                modify_time = #{modifiedTime,jdbcType=TIMESTAMP},
            </if>
            <if test="relationShipName != null">
                relationship_name = #{relationShipName,jdbcType=VARCHAR},
            </if>
            <if test="isDeleted != null">
                is_deleted = #{isDeleted,jdbcType=INTEGER},
            </if>
        </set>
        where id = #{id,jdbcType=INTEGER}
    </update>

    <select id="findAllPersonfileRelationShip" resultMap="PersonfileRelationShipResultMap">
        select
        <include refid="PersonfileRelationShip_Column_List"/>
        from t_bigdata_relationship
        <where>
            <if test="relationShipName != null">
                relationship_name like concat('%',#{relationShipName,jdbcType=VARCHAR},'%')
            </if>
            and is_deleted = 0
        </where>
    </select>

    <select id="findPersonfileRelationShipByName"
            parameterType="com.intellif.cloud.personfile.manage.entity.PersonfileRelationShip"
            resultMap="PersonfileRelationShipResultMap">
        SELECT
        <include refid="PersonfileRelationShip_Column_List"/>
        FROM t_bigdata_relationship
        <where>
            is_deleted = 0
            <if test="id != null">
              and id != #{id,jdbcType=INTEGER}
            </if>
              and (
            <if test="relationShipName != null">
                 relationship_name = #{relationShipName,jdbcType=VARCHAR}
            </if>
            <if test="label != null">
                or label = #{label}
            </if>
              )
        </where>
    </select>
</mapper>