<?xml version="1.0" encoding="UTF-8"?>
<!DOCTYPE mapper PUBLIC "-//mybatis.org//DTD Mapper 3.0//EN" "http://mybatis.org/dtd/mybatis-3-mapper.dtd">
<mapper namespace="com.intellif.cloud.personfile.manage.services.base">
  <resultMap id="bigdataAnalysisTaskBaseResultMap" type="com.intellif.cloud.personfile.manage.entity.BigdataAnalysisTask">
    <id column="id" jdbcType="BIGINT" property="id" />
    <result column="name" jdbcType="VARCHAR" property="name" />
    <result column="cost_time" jdbcType="INTEGER" property="costTime" />
    <result column="status" jdbcType="INTEGER" property="status" />
    <result column="result" jdbcType="VARCHAR" property="result" />
    <result column="remark" jdbcType="VARCHAR" property="remark" />
    <result column="exec_id" jdbcType="VARCHAR" property="execId" />
    <result column="aid" jdbcType="VARCHAR" property="aid" />
    <result column="type" jdbcType="INTEGER" property="type" />
    <result column="params" jdbcType="VARCHAR" property="params" />
    <result column="create_time" jdbcType="TIMESTAMP" property="createTime" />
    <result column="create_by" jdbcType="VARCHAR" property="createBy" />
    <result column="modify_time" jdbcType="TIMESTAMP" property="modifyTime" />
    <result column="modify_by" jdbcType="VARCHAR" property="modifyBy" />
    <result column="is_deleted" jdbcType="INTEGER" property="isDeleted" />
  </resultMap>
  
  <sql id="BigdataAnalysisTask_Base_Column_List">
    id, name, cost_time, status, result, create_time, create_by, modify_time,
    modify_by, is_deleted, exec_id, aid, type, params, remark
  </sql>

  <select id="findBigdataAnalysisTaskById" parameterType="java.lang.Long" resultMap="bigdataAnalysisTaskBaseResultMap">
    select 
    <include refid="BigdataAnalysisTask_Base_Column_List" />
    from t_bigdata_analysis_task
    where is_deleted = 0 and id = #{id,jdbcType=BIGINT}
  </select>

  <select id="findBigdataAnalysisTaskByExecId" parameterType="java.lang.String" resultMap="bigdataAnalysisTaskBaseResultMap">
    select
    <include refid="BigdataAnalysisTask_Base_Column_List" />
    from t_bigdata_analysis_task
    where is_deleted = 0 and exec_id = #{execId,jdbcType=VARCHAR}
  </select>

  <select id="findBigdataAnalysisTaskByParams" resultType="com.intellif.cloud.personfile.manage.model.vo.crash.CrashVO">
    select
     create_by creater,
     name taskName,
     status,
     id,
     type,
     exec_id,
     aid personfileId,
     create_time,
     cost_time,
     params,
     result,
     remark
    from t_bigdata_analysis_task
    <trim prefix="where" suffix="and 1 = 1" prefixOverrides="and">
      is_deleted = 0
      <if test="taskName != null and taskName != ''">
        and name like concat('%',#{taskName},'%')
      </if>
      <if test="creater != null and creater != ''">
        and create_by like concat('%',#{creater},'%')
      </if>
      <if test="startTime != null and endTime != null and startTime != '' and endTime != ''">
        and create_time between #{startTime} and #{endTime}
      </if>
      <if test="taskType != null and taskType != 'azkaban_all'">
        and type = #{taskType}
      </if>
    </trim>
    order by create_time desc,id desc
  </select>

  <insert id="insertBigdataAnalysisTask" useGeneratedKeys="true" keyProperty="id" parameterType="com.intellif.cloud.personfile.manage.entity.BigdataAnalysisTask">
    insert into t_bigdata_analysis_task
    <trim prefix="(" suffix=")" suffixOverrides=",">
      <if test="id != null">
        id,
      </if>
      <if test="name != null">
        name,
      </if>
      <if test="costTime != null">
        cost_time,
      </if>
      <if test="status != null">
        status,
      </if>
      <if test="result != null">
        result,
      </if>
      <if test="remark != null">
        remark,
      </if>
      <if test="createTime != null">
        create_time,
      </if>
      <if test="createBy != null">
        create_by,
      </if>
      <if test="modifyTime != null">
        modify_time,
      </if>
      <if test="modifyBy != null">
        modify_by,
      </if>
      <if test="isDeleted != null">
        is_deleted,
      </if>
      <if test="execId != null">
        exec_id,
      </if>
      <if test="aid != null">
        aid,
      </if>
      <if test="type != null">
        type,
      </if>
      <if test="params != null">
        params,
      </if>
    </trim>
    <trim prefix="values (" suffix=")" suffixOverrides=",">
      <if test="id != null">
        #{id,jdbcType=BIGINT},
      </if>
      <if test="name != null">
        #{name,jdbcType=VARCHAR},
      </if>
      <if test="costTime != null">
        #{costTime,jdbcType=INTEGER},
      </if>
      <if test="status != null">
        #{status,jdbcType=INTEGER},
      </if>
      <if test="result != null">
        #{result,jdbcType=VARCHAR},
      </if>
      <if test="remark != null">
        #{remark,jdbcType=VARCHAR},
      </if>
      <if test="createTime != null">
        #{createTime,jdbcType=TIMESTAMP},
      </if>
      <if test="createBy != null">
        #{createBy,jdbcType=VARCHAR},
      </if>
      <if test="modifyTime != null">
        #{modifyTime,jdbcType=TIMESTAMP},
      </if>
      <if test="modifyBy != null">
        #{modifyBy,jdbcType=VARCHAR},
      </if>
      <if test="isDeleted != null">
        #{isDeleted,jdbcType=INTEGER},
      </if>
      <if test="execId != null">
        #{execId,jdbcType=VARCHAR},
      </if>
      <if test="aid != null">
        #{aid,jdbcType=VARCHAR},
      </if>
      <if test="type != null">
        #{type,jdbcType=INTEGER},
      </if>
      <if test="params != null">
        #{params,jdbcType=VARCHAR},
      </if>
    </trim>
  </insert>

  <update id="updateBigdataAnalysisTask" parameterType="com.intellif.cloud.personfile.manage.entity.BigdataAnalysisTask">
    update t_bigdata_analysis_task
    <set>
      <if test="name != null">
        name = #{name,jdbcType=VARCHAR},
      </if>
      <if test="costTime != null">
        cost_time = #{costTime,jdbcType=INTEGER},
      </if>
      <if test="execId != null">
        exec_id = #{execId,jdbcType=VARCHAR},
      </if>
      <if test="status != null">
        status = #{status,jdbcType=INTEGER},
      </if>
      <if test="result != null">
        result = #{result,jdbcType=VARCHAR},
      </if>
      <if test="remark != null">
        remark = #{remark,jdbcType=VARCHAR},
      </if>
      <if test="modifyTime != null">
        modify_time = #{modifyTime,jdbcType=TIMESTAMP},
      </if>
      <if test="modifyBy != null">
        modify_by = #{modifyBy,jdbcType=VARCHAR},
      </if>
      <if test="isDeleted != null">
        is_deleted = #{isDeleted,jdbcType=INTEGER},
      </if>
      <if test="params != null">
        params = #{params,jdbcType=VARCHAR},
      </if>
    </set>
    where id = #{id,jdbcType=BIGINT}
  </update>

  <delete id="deleteBigdataAnalysisTask" parameterType="com.intellif.cloud.personfile.manage.entity.BigdataAnalysisTask">
    delete from t_bigdata_analysis_task where id = #{id}
  </delete>

</mapper>