<?xml version="1.0" encoding="UTF-8"?>
<!DOCTYPE mapper PUBLIC "-//mybatis.org//DTD Mapper 3.0//EN" "http://mybatis.org/dtd/mybatis-3-mapper.dtd">
<mapper namespace="com.intellif.cloud.personfile.manage.services.base">
  <resultMap id="BigdataAnalysisCrashBaseResultMap" type="com.intellif.cloud.personfile.manage.entity.BigdataAnalysisCrash">
    <id column="id" jdbcType="BIGINT" property="id" />
    <result column="task_id" jdbcType="BIGINT" property="taskId" />
    <result column="aid" jdbcType="VARCHAR" property="aid" />
    <result column="camera_id" jdbcType="VARCHAR" property="cameraId" />
    <result column="camera_name" jdbcType="VARCHAR" property="cameraName" />
    <result column="end_time" jdbcType="BIGINT" property="endTime" />
    <result column="start_time" jdbcType="BIGINT" property="startTime" />
    <result column="date" jdbcType="BIGINT" property="date" />
    <result column="image_count" jdbcType="INTEGER" property="imageCount" />
    <result column="geo_string" jdbcType="VARCHAR" property="geoString" />
    <result column="area_code" jdbcType="VARCHAR" property="areaCode" />
    <result column="create_time" jdbcType="TIMESTAMP" property="createTime" />
    <result column="create_by" jdbcType="VARCHAR" property="createBy" />
    <result column="modify_time" jdbcType="TIMESTAMP" property="modifyTime" />
    <result column="modify_by" jdbcType="VARCHAR" property="modifyBy" />
  </resultMap>

  <sql id="BigdataAnalysisCrash_Base_Column_List">
    id, camera_id, camera_name, end_time, start_time, image_count, geo_string, area_code, task_id, aid,
    create_time, create_by, modify_time, modify_by, date
  </sql>

  <select id="findAnalysisCrashById" parameterType="java.lang.Long" resultMap="BigdataAnalysisCrashBaseResultMap">
    select 
    <include refid="BigdataAnalysisCrash_Base_Column_List" />
    from t_bigdata_analysis_crash
    where id = #{id,jdbcType=BIGINT}
  </select>

  <delete id="deleteBigdataAnalysisCrash" parameterType="java.lang.Long">
    delete from t_bigdata_analysis_crash
    where id = #{id,jdbcType=BIGINT}
  </delete>

  <insert id="insertBigdataAnalysisCrash" parameterType="com.intellif.cloud.personfile.manage.entity.BigdataAnalysisCrash">
    insert into t_bigdata_analysis_crash
    <trim prefix="(" suffix=")" suffixOverrides=",">
      <if test="id != null">
        id,
      </if>
      <if test="taskId != null">
        task_id,
      </if>
      <if test="aid != null">
        aid,
      </if>
      <if test="cameraId != null">
        camera_id,
      </if>
      <if test="cameraName != null">
        camera_name,
      </if>
      <if test="endTime != null">
        end_time,
      </if>
      <if test="startTime != null">
        start_time,
      </if>
      <if test="date != null">
        date,
      </if>
      <if test="imageCount != null">
        image_count,
      </if>
      <if test="geoString != null">
        geo_string,
      </if>
      <if test="areaCode != null">
        area_code,
      </if>
      <if test="createTime != null">
        create_time,
      </if>
      <if test="createBy != null">
        create_by,
      </if>
      <if test="modifyTime != null">
        modify_time,
      </if>
      <if test="modifyBy != null">
        modify_by,
      </if>
    </trim>
    <trim prefix="values (" suffix=")" suffixOverrides=",">
      <if test="id != null">
        #{id,jdbcType=BIGINT},
      </if>
      <if test="taskId != null">
        #{taskId,jdbcType=BIGINT},
      </if>
      <if test="aid != null">
        #{aid,jdbcType=VARCHAR},
      </if>
      <if test="cameraId != null">
        #{cameraId,jdbcType=VARCHAR},
      </if>
      <if test="cameraName != null">
        #{cameraName,jdbcType=VARCHAR},
      </if>
      <if test="endTime != null">
        #{endTime,jdbcType=BIGINT},
      </if>
      <if test="startTime != null">
        #{startTime,jdbcType=BIGINT},
      </if>
      <if test="date != null">
        #{date,jdbcType=BIGINT},
      </if>
      <if test="imageCount != null">
        #{imageCount,jdbcType=INTEGER},
      </if>
      <if test="geoString != null">
        #{geoString,jdbcType=VARCHAR},
      </if>
      <if test="areaCode != null">
        #{areaCode,jdbcType=VARCHAR},
      </if>
      <if test="createTime != null">
        #{createTime,jdbcType=TIMESTAMP},
      </if>
      <if test="createBy != null">
        #{createBy,jdbcType=VARCHAR},
      </if>
      <if test="modifyTime != null">
        #{modifyTime,jdbcType=TIMESTAMP},
      </if>
      <if test="modifyBy != null">
        #{modifyBy,jdbcType=VARCHAR},
      </if>
    </trim>
  </insert>

  <update id="updateBigdataAnalysisCrash" parameterType="com.intellif.cloud.personfile.manage.entity.BigdataAnalysisCrash">
    update t_bigdata_analysis_crash
    <set>
      <if test="cameraId != null">
        camera_id = #{cameraId,jdbcType=VARCHAR},
      </if>
      <if test="cameraName != null">
        camera_name = #{cameraName,jdbcType=VARCHAR},
      </if>
      <if test="endTime != null">
        end_time = #{endTime,jdbcType=BIGINT},
      </if>
      <if test="startTime != null">
        start_time = #{startTime,jdbcType=BIGINT},
      </if>
      <if test="date != null">
        date = #{date,jdbcType=BIGINT},
      </if>
      <if test="imageCount != null">
        image_count = #{imageCount,jdbcType=INTEGER},
      </if>
      <if test="geoString != null">
        geo_string = #{geoString,jdbcType=VARCHAR},
      </if>
      <if test="areaCode != null">
        area_code = #{areaCode,jdbcType=VARCHAR},
      </if>
      <if test="createTime != null">
        create_time = #{createTime,jdbcType=TIMESTAMP},
      </if>
      <if test="createBy != null">
        create_by = #{createBy,jdbcType=VARCHAR},
      </if>
      <if test="modifyTime != null">
        modify_time = #{modifyTime,jdbcType=TIMESTAMP},
      </if>
      <if test="modifyBy != null">
        modify_by = #{modifyBy,jdbcType=VARCHAR},
      </if>
    </set>
    where id = #{id,jdbcType=BIGINT}
  </update>

</mapper>