<?xml version="1.0" encoding="UTF-8"?>
<!DOCTYPE mapper PUBLIC "-//mybatis.org//DTD Mapper 3.0//EN" "http://mybatis.org/dtd/mybatis-3-mapper.dtd">
<mapper namespace="com.intellif.cloud.personfile.manage.services.base">

    <insert id="insertBigdataCommon" parameterType="com.intellif.cloud.personfile.manage.entity.BigdataCommon">
      insert into
        t_bigdata_common
        <trim prefix="(" suffix=")" suffixOverrides=",">
            <if test="id != null">
                id,
            </if>
            <if test="createTime != null">
                create_time,
            </if>
            <if test="modifyTime != null">
                modify_time,
            </if>
            <if test="content != null">
                content,
            </if>
            <if test="contentType != null">
                content_type,
            </if>
            <if test="remark != null">
                remark,
            </if>
            <if test="isDeleted != null">
                is_deleted,
            </if>
        </trim>
        <trim prefix="values (" suffix=")" suffixOverrides=",">
            <if test="id != null">
                #{id},
            </if>
            <if test="createTime != null">
                #{createTime},
            </if>
            <if test="modifyTime != null">
                #{modifyTime},
            </if>
            <if test="isDeleted != null">
                #{isDeleted},
            </if>
            <if test="content != null">
                #{content},
            </if>
            <if test="contentType != null">
                #{contentType},
            </if>
            <if test="remark != null">
                #{remark},
            </if>
        </trim>
    </insert>

    <update id="updateBigdataCommon" parameterType="com.intellif.cloud.personfile.manage.entity.BigdataCommon">
        update
            t_bigdata_common
            <set>
                <if test="content != null">
                    content = #{content},
                </if>
                <if test="remark != null">
                    remark = #{remark},
                </if>
                <if test="isDeleted != null">
                    is_deleted = #{isDeleted},
                </if>
            </set>
        where
          content_type = #{contentType}
    </update>

    <select id="findBigdataCommonByContentType" parameterType="java.lang.String" resultType="com.intellif.cloud.personfile.manage.entity.BigdataCommon">
        select
          id,
          content_type,
          content,
          remark,
          is_deleted,
          create_time,
          modify_time
        from
          t_bigdata_common
        where
          content_type = #{contentType}
    </select>
</mapper>