<?xml version="1.0" encoding="UTF-8"?>
<!DOCTYPE mapper PUBLIC "-//mybatis.org//DTD Mapper 3.0//EN" "http://mybatis.org/dtd/mybatis-3-mapper.dtd">
<mapper namespace="com.intellif.cloud.personfile.manage.services.base">
  <resultMap id="PersonfileHeadPictureResultMap" type="com.intellif.cloud.personfile.manage.entity.PersonfileHeadPicture">
    <result column="create_time" jdbcType="TIMESTAMP" property="createTime" />
    <result column="create_by" jdbcType="VARCHAR" property="creater" />
    <result column="modify_time" jdbcType="TIMESTAMP" property="modifiedTime" />
    <result column="modify_by" jdbcType="VARCHAR" property="modifier" />
    <result column="aid" jdbcType="VARCHAR" property="personFilesId" />
    <result column="feature_info" jdbcType="BLOB" property="featureInfo" />
    <result column="big_image_url" jdbcType="VARCHAR" property="bigImageUrl" />
    <result column="small_image_url" jdbcType="VARCHAR" property="smallImageUrl" />
    <result column="target_rect" jdbcType="VARCHAR" property="targetRect" />
  </resultMap>
  <sql id="PersonfileHeadPicture_Column_List">
    create_time, create_by, modify_time, modify_by, aid, feature_info, big_image_url,small_image_url,target_rect
  </sql>

  <select id="findByPersonfileIdPersonfileHeadPicture" parameterType="java.lang.String" resultMap="PersonfileHeadPictureResultMap">
    select
    <include refid="PersonfileHeadPicture_Column_List" />
    from t_bigdata_avatar_info
    where aid = #{personFilesId,jdbcType=BIGINT}
  </select>

  <insert id="insertPersonfileHeadPicture" parameterType="com.intellif.cloud.personfile.manage.entity.PersonfileHeadPicture">
    insert into t_bigdata_avatar_info
    <trim prefix="(" suffix=")" suffixOverrides=",">
      <if test="createTime != null">
        create_time,
      </if>
      <if test="creater != null">
        create_by,
      </if>
      <if test="modifiedTime != null">
        modify_time,
      </if>
      <if test="modifier != null">
        modify_by,
      </if>
      <if test="personFilesId != null">
        aid,
      </if>
      <if test="featureInfo != null">
        feature_info,
      </if>
      <if test="bigImageUrl != null">
        big_image_url,
      </if>
      <if test="smallImageUrl != null">
        small_image_url,
      </if>
      <if test="targetRect != null">
        target_rect,
      </if>
    </trim>
    <trim prefix="values (" suffix=")" suffixOverrides=",">
      <if test="createTime != null">
        #{createTime},
      </if>
      <if test="creater != null">
        #{creater},
      </if>
      <if test="modifiedTime != null">
        #{modifiedTime},
      </if>
      <if test="modifier != null">
        #{modifier},
      </if>
      <if test="personFilesId != null">
        #{personFilesId},
      </if>
      <if test="featureInfo != null">
        #{featureInfo},
      </if>
      <if test="bigImageUrl != null">
        #{bigImageUrl},
      </if>
      <if test="smallImageUrl != null">
        #{smallImageUrl},
      </if>
      <if test="targetRect != null">
        #{targetRect},
      </if>
    </trim>
    on DUPLICATE key UPDATE
    <trim suffixOverrides=",">
      <if test="createTime != null">
        create_time = #{createTime},
      </if>
      <if test="creater != null">
        create_by = #{creater},
      </if>
      <if test="modifiedTime != null">
        modify_time = #{modifiedTime},
      </if>
      <if test="modifier != null">
        modify_by = #{modifier},
      </if>
      <if test="personFilesId != null">
        aid = #{personFilesId},
      </if>
      <if test="featureInfo != null">
        feature_info = #{featureInfo},
      </if>
      <if test="bigImageUrl != null">
        big_image_url = #{bigImageUrl},
      </if>
      <if test="smallImageUrl != null">
        small_image_url = #{smallImageUrl},
      </if>
      <if test="targetRect != null">
        target_rect = #{targetRect},
      </if>
    </trim>
  </insert>

  <insert id="batchInsertPersonfileHeadPicture" parameterType="com.intellif.cloud.personfile.manage.entity.PersonfileHeadPicture">
    <foreach collection="list" item="param" separator=";">
      insert into ${param.tableName}
        <trim prefix="(" suffix=")" suffixOverrides=",">
            aid,
            feature_info,
            big_image_url,
            small_image_url,
            target_rect
        </trim>
      values
      <foreach collection="param.personfileHeadPictures" item="personFileHeadPicture" separator=",">
        <trim prefix="(" suffix=")" suffixOverrides=",">
            #{personFileHeadPicture.personFilesId},
            #{personFileHeadPicture.featureInfo},
            #{personFileHeadPicture.bigImageUrl},
            #{personFileHeadPicture.smallImageUrl},
            #{personFileHeadPicture.targetRect}
        </trim>
      </foreach>
      ON DUPLICATE KEY UPDATE
      aid = VALUES(aid),
      feature_info = VALUES(feature_info),
      big_image_url = VALUES(big_image_url),
      small_image_url = VALUES(small_image_url),
      target_rect = VALUES(target_rect)
    </foreach>
  </insert>

  <update id="updatePersonfileHeadPicture" parameterType="com.intellif.cloud.personfile.manage.entity.PersonfileHeadPicture">
    update t_bigdata_avatar_info
    <set>
      <if test="createTime != null">
        create_time = #{createTime,jdbcType=TIMESTAMP},
      </if>
      <if test="creater != null">
        create_by = #{creater,jdbcType=VARCHAR},
      </if>
      <if test="modifiedTime != null">
        modify_time = #{modifiedTime,jdbcType=TIMESTAMP},
      </if>
      <if test="modifier != null">
        modify_by = #{modifier,jdbcType=VARCHAR},
      </if>
      <if test="personFilesId != null">
        aid = #{personFilesId,jdbcType=VARCHAR},
      </if>
      <if test="featureInfo != null">
        feature_info = #{featureInfo,jdbcType=BLOB},
      </if>
      <if test="bigImageUrl != null">
        big_image_url = #{bigImageUrl,jdbcType=VARCHAR},
      </if>
      <if test="smallImageUrl != null">
        small_image_url = #{smallImageUrl,jdbcType=VARCHAR},
      </if>
      <if test="targetRect != null">
        target_rect = #{targetRect,jdbcType=VARCHAR},
      </if>
    </set>
    where aid = #{aid}
  </update>
  
</mapper>