<?xml version="1.0" encoding="UTF-8"?>
<!DOCTYPE mapper PUBLIC "-//mybatis.org//DTD Mapper 3.0//EN" "http://mybatis.org/dtd/mybatis-3-mapper.dtd">
<mapper namespace="com.intellif.cloud.personfile.manage.services.base">
  <resultMap id="BigdataAnalysisArchiveBaseResultMap" type="com.intellif.cloud.personfile.manage.entity.BigdataAnalysisArchive">
    <id column="id" jdbcType="BIGINT" property="id" />
    <result column="task_id" jdbcType="BIGINT" property="taskId" />
    <result column="aid" jdbcType="VARCHAR" property="aid" />
    <result column="cid" jdbcType="VARCHAR" property="cid" />
    <result column="person_name" jdbcType="VARCHAR" property="personName" />
    <result column="curr_addr" jdbcType="VARCHAR" property="currAddr" />
    <result column="face_url" jdbcType="VARCHAR" property="faceUrl" />
    <result column="event_times" jdbcType="INTEGER" property="eventTimes" />
    <result column="image_count" jdbcType="INTEGER" property="imageCount" />
    <result column="lingerd_count" jdbcType="BIGINT" property="lingerdCount" />
    <result column="image_id" jdbcType="VARCHAR" property="imageId" />
    <result column="image_url" jdbcType="VARCHAR" property="imageUrl" />
    <result column="gender" jdbcType="VARCHAR" property="gender" />
    <result column="sys_code" jdbcType="VARCHAR" property="sysCode" />
    <result column="active_count" jdbcType="BIGINT" property="activeCount" />
    <result column="create_time" jdbcType="TIMESTAMP" property="createTime" />
    <result column="create_by" jdbcType="VARCHAR" property="createBy" />
    <result column="modify_time" jdbcType="TIMESTAMP" property="modifyTime" />
    <result column="modify_by" jdbcType="VARCHAR" property="modifyBy" />
  </resultMap>

  <sql id="BigdataAnalysisArchive_Base_Column_List">
    id, task_id, aid, cid, person_name, curr_addr, face_url, event_times, image_count, 
    create_time, lingerd_count, image_id, image_url, gender, sys_code, active_count, create_by, modify_time, modify_by
  </sql>

  <select id="findAnalysisArchiveById" parameterType="java.lang.Long" resultMap="BigdataAnalysisArchiveBaseResultMap">
    select 
    <include refid="BigdataAnalysisArchive_Base_Column_List" />
    from t_bigdata_analysis_archive
    where id = #{id,jdbcType=BIGINT}
  </select>

  <delete id="deleteBigdataAnalysisArchive" parameterType="java.lang.Long">
    delete from t_bigdata_analysis_archive
    where id = #{id,jdbcType=BIGINT}
  </delete>

  <insert id="insertBigdataAnalysisArchive" parameterType="com.intellif.cloud.personfile.manage.entity.BigdataAnalysisArchive">
    insert into t_bigdata_analysis_archive
    <trim prefix="(" suffix=")" suffixOverrides=",">
      <if test="id != null">
        id,
      </if>
      <if test="taskId != null">
        task_id,
      </if>
      <if test="aid != null">
        aid,
      </if>
      <if test="cid != null">
        cid,
      </if>
      <if test="personName != null">
        person_name,
      </if>
      <if test="currAddr != null">
        curr_addr,
      </if>
      <if test="faceUrl != null">
        face_url,
      </if>
      <if test="eventTimes != null">
        event_times,
      </if>
      <if test="imageCount != null">
        image_count,
      </if>
      <if test="lingerdCount != null">
        lingerd_count,
      </if>
      <if test="imageId != null">
        image_id,
      </if>
      <if test="imageUrl != null">
        image_url,
      </if>
      <if test="gender != null">
        gender,
      </if>
      <if test="sysCode != null">
        sys_code,
      </if>
      <if test="activeCount != null">
        active_count,
      </if>
      <if test="createTime != null">
        create_time,
      </if>
      <if test="createBy != null">
        create_by,
      </if>
      <if test="modifyTime != null">
        modify_time,
      </if>
      <if test="modifyBy != null">
        modify_by,
      </if>
    </trim>
    <trim prefix="values (" suffix=")" suffixOverrides=",">
      <if test="id != null">
        #{id,jdbcType=BIGINT},
      </if>
      <if test="taskId != null">
        #{taskId,jdbcType=BIGINT},
      </if>
      <if test="aid != null">
        #{aid,jdbcType=VARCHAR},
      </if>
      <if test="cid != null">
        #{cid,jdbcType=VARCHAR},
      </if>
      <if test="personName != null">
        #{personName,jdbcType=VARCHAR},
      </if>
      <if test="currAddr != null">
        #{currAddr,jdbcType=VARCHAR},
      </if>
      <if test="faceUrl != null">
        #{faceUrl,jdbcType=VARCHAR},
      </if>
      <if test="eventTimes != null">
        #{eventTimes,jdbcType=INTEGER},
      </if>
      <if test="imageCount != null">
        #{imageCount,jdbcType=INTEGER},
      </if>
      <if test="lingerdCount != null">
        #{lingerdCount},
      </if>
      <if test="imageId != null">
        #{imageId},
      </if>
      <if test="imageUrl != null">
        #{imageUrl},
      </if>
      <if test="gender != null">
        #{gender},
      </if>
      <if test="sysCode != null">
        #{sysCode},
      </if>
      <if test="activeCount != null">
        #{activeCount},
      </if>
      <if test="createTime != null">
        #{createTime,jdbcType=TIMESTAMP},
      </if>
      <if test="createBy != null">
        #{createBy,jdbcType=VARCHAR},
      </if>
      <if test="modifyTime != null">
        #{modifyTime,jdbcType=TIMESTAMP},
      </if>
      <if test="modifyBy != null">
        #{modifyBy,jdbcType=VARCHAR},
      </if>
    </trim>
  </insert>

  <update id="updateBigdataAnalysisArchive" parameterType="com.intellif.cloud.personfile.manage.entity.BigdataAnalysisArchive">
    update t_bigdata_analysis_archive
    <set>
      <if test="taskId != null">
        task_id = #{taskId,jdbcType=BIGINT},
      </if>
      <if test="aid != null">
        aid = #{aid,jdbcType=VARCHAR},
      </if>
      <if test="cid != null">
        cid = #{cid,jdbcType=VARCHAR},
      </if>
      <if test="personName != null">
        person_name = #{personName,jdbcType=VARCHAR},
      </if>
      <if test="currAddr != null">
        curr_addr = #{currAddr,jdbcType=VARCHAR},
      </if>
      <if test="faceUrl != null">
        face_url = #{faceUrl,jdbcType=VARCHAR},
      </if>
      <if test="eventTimes != null">
        event_times = #{eventTimes,jdbcType=INTEGER},
      </if>
      <if test="imageCount != null">
        image_count = #{imageCount},
      </if>
      <if test="activeCount != null">
        active_count = #{activeCount},
      </if>
      <if test="createTime != null">
        create_time = #{createTime,jdbcType=TIMESTAMP},
      </if>
      <if test="createBy != null">
        create_by = #{createBy,jdbcType=VARCHAR},
      </if>
      <if test="modifyTime != null">
        modify_time = #{modifyTime,jdbcType=TIMESTAMP},
      </if>
      <if test="modifyBy != null">
        modify_by = #{modifyBy,jdbcType=VARCHAR},
      </if>
      <if test="lingerdCount != null">
        lingerd_count = #{lingerdCount},
      </if>
      <if test="imageId != null">
        image_id = #{imageId},
      </if>
      <if test="imageUrl != null">
        image_url = #{imageUrl},
      </if>
      <if test="gender != null">
        gender = #{gender},
      </if>
      <if test="sysCode != null">
        sys_code = #{sysCode},
      </if>
    </set>
    where id = #{id,jdbcType=BIGINT}
  </update>
</mapper>