<?xml version="1.0" encoding="UTF-8"?>
<!DOCTYPE mapper PUBLIC "-//mybatis.org//DTD Mapper 3.0//EN" "http://mybatis.org/dtd/mybatis-3-mapper.dtd">
<mapper namespace="com.intellif.cloud.personfile.manage.services.base">
  <resultMap id="BigdataAnalysisCrashAreaBaseResultMap" type="com.intellif.cloud.personfile.manage.entity.BigdataAnalysisCrashArea">
    <id column="id" jdbcType="BIGINT" property="id" />
    <result column="task_id" jdbcType="BIGINT" property="taskId" />
    <result column="code" jdbcType="VARCHAR" property="code" />
    <result column="start_time" jdbcType="TIMESTAMP" property="startTime" />
    <result column="end_time" jdbcType="TIMESTAMP" property="endTime" />
    <result column="devs" jdbcType="VARCHAR" property="devs" />
    <result column="first_dev_id" jdbcType="VARCHAR" property="firstDevId" />
    <result column="create_time" jdbcType="TIMESTAMP" property="createTime" />
    <result column="create_by" jdbcType="VARCHAR" property="createBy" />
    <result column="modify_time" jdbcType="TIMESTAMP" property="modifyTime" />
    <result column="modify_by" jdbcType="VARCHAR" property="modifyBy" />
    <result column="is_deleted" jdbcType="INTEGER" property="isDeleted" />
  </resultMap>

  <sql id="BigdataAnalysisCrashArea_Column_List">
    id, start_time, end_time, devs, create_time, create_by, modify_time, modify_by, is_deleted, first_dev_id, task_id, code, area_id
  </sql>

  <sql id="BigdataAnalysisCrashArea_Column_List_2">
    id, start_time, end_time, create_time, create_by, modify_time, modify_by, is_deleted, first_dev_id, task_id, code, area_id
  </sql>

  <select id="findAnalysisCrashAreaById" parameterType="java.lang.Long" resultMap="BigdataAnalysisCrashAreaBaseResultMap">
    select 
    <include refid="BigdataAnalysisCrashArea_Column_List_2" />
    from t_bigdata_analysis_crash_area
    where id = #{id,jdbcType=BIGINT}
  </select>

  <insert id="insertBigdataAnalysisCrashArea" useGeneratedKeys="true" keyProperty="id" parameterType="com.intellif.cloud.personfile.manage.entity.BigdataAnalysisCrashArea">
    insert into t_bigdata_analysis_crash_area
    <trim prefix="(" suffix=")" suffixOverrides=",">
      <if test="id != null">
        id,
      </if>
      <if test="taskId != null">
        task_id,
      </if>
      <if test="code != null">
        code,
      </if>
      <if test="areaId != null">
        area_id,
      </if>
      <if test="startTime != null">
        start_time,
      </if>
      <if test="endTime != null">
        end_time,
      </if>
      <if test="devs != null">
        devs,
      </if>
      <if test="firstDevId != null">
        first_dev_id,
      </if>
      <if test="createTime != null">
        create_time,
      </if>
      <if test="createBy != null">
        create_by,
      </if>
      <if test="modifyTime != null">
        modify_time,
      </if>
      <if test="modifyBy != null">
        modify_by,
      </if>
      <if test="isDeleted != null">
        is_deleted,
      </if>
    </trim>
    <trim prefix="values (" suffix=")" suffixOverrides=",">
      <if test="id != null">
        #{id,jdbcType=BIGINT},
      </if>
      <if test="taskId != null">
        #{taskId,jdbcType=BIGINT},
      </if>
      <if test="code != null">
        #{code,jdbcType=VARCHAR},
      </if>
      <if test="areaId != null">
        #{areaId,jdbcType=VARCHAR},
      </if>
      <if test="startTime != null">
        #{startTime,jdbcType=TIMESTAMP},
      </if>
      <if test="endTime != null">
        #{endTime,jdbcType=TIMESTAMP},
      </if>
      <if test="devs != null">
        #{devs,jdbcType=VARCHAR},
      </if>
      <if test="firstDevId != null">
        #{firstDevId,jdbcType=VARCHAR},
      </if>
      <if test="createTime != null">
        #{createTime,jdbcType=TIMESTAMP},
      </if>
      <if test="createBy != null">
        #{createBy,jdbcType=VARCHAR},
      </if>
      <if test="modifyTime != null">
        #{modifyTime,jdbcType=TIMESTAMP},
      </if>
      <if test="modifyBy != null">
        #{modifyBy,jdbcType=VARCHAR},
      </if>
      <if test="isDeleted != null">
        #{isDeleted,jdbcType=INTEGER},
      </if>
    </trim>
  </insert>

  <update id="updateBigdataAnalysisCrashArea" parameterType="com.intellif.cloud.personfile.manage.entity.BigdataAnalysisCrashArea">
    update t_bigdata_analysis_crash_area
    <set>
      <if test="startTime != null">
        start_time = #{startTime,jdbcType=TIMESTAMP},
      </if>
      <if test="endTime != null">
        end_time = #{endTime,jdbcType=TIMESTAMP},
      </if>
      <if test="areaId != null">
        area_id = #{areaId,jdbcType=VARCHAR},
      </if>
      <if test="devs != null">
        devs = #{devs,jdbcType=VARCHAR},
      </if>
      <if test="firstDevId != null">
        first_dev_id = #{firstDevId,jdbcType=VARCHAR},
      </if>
      <if test="createTime != null">
        create_time = #{createTime,jdbcType=TIMESTAMP},
      </if>
      <if test="createBy != null">
        create_by = #{createBy,jdbcType=VARCHAR},
      </if>
      <if test="modifyTime != null">
        modify_time = #{modifyTime,jdbcType=TIMESTAMP},
      </if>
      <if test="modifyBy != null">
        modify_by = #{modifyBy,jdbcType=VARCHAR},
      </if>
      <if test="isDeleted != null">
        is_deleted = #{isDeleted,jdbcType=INTEGER},
      </if>
    </set>
    where id = #{id,jdbcType=BIGINT}
  </update>

</mapper>