<?xml version="1.0" encoding="UTF-8"?>
<!DOCTYPE mapper PUBLIC "-//mybatis.org//DTD Mapper 3.0//EN" "http://mybatis.org/dtd/mybatis-3-mapper.dtd">
<mapper namespace="com.intellif.cloud.personfile.manage.services.base">
  <resultMap id="BigdataAccountBaseResultMap" type="com.intellif.cloud.personfile.manage.entity.BigdataAccount">
    <id column="id" jdbcType="BIGINT" property="id" />
    <result column="name" jdbcType="VARCHAR" property="name" />
    <result column="account" jdbcType="VARCHAR" property="account" />
    <result column="password" jdbcType="VARCHAR" property="password" />
    <result column="login_time" jdbcType="TIMESTAMP" property="loginTime" />
    <result column="is_deleted" jdbcType="INTEGER" property="isDeleted" />
    <result column="create_by" jdbcType="VARCHAR" property="createBy" />
    <result column="create_time" jdbcType="TIMESTAMP" property="createTime" />
    <result column="modify_by" jdbcType="VARCHAR" property="modifyBy" />
    <result column="modify_time" jdbcType="TIMESTAMP" property="modifyTime" />
  </resultMap>
  <sql id="BigdataAccount_Base_Column_List">
    id, name, account, ip, password, login_time, is_deleted, create_by, create_time, modify_by,
    modify_time
  </sql>

  <select id="findBigdataAccountById" parameterType="java.lang.Long" resultMap="BigdataAccountBaseResultMap">
    select 
    <include refid="BigdataAccount_Base_Column_List" />
    from t_bigdata_account
    where id = #{id,jdbcType=BIGINT}
  </select>

  <delete id="deleteBigdataAccount" parameterType="java.lang.Long">
    delete from t_bigdata_account
    where id = #{id,jdbcType=BIGINT}
  </delete>

  <insert id="insertBigdataAccount" parameterType="com.intellif.cloud.personfile.manage.entity.BigdataAccount">
    insert into t_bigdata_account
    <trim prefix="(" suffix=")" suffixOverrides=",">
      <if test="id != null">
        id,
      </if>
      <if test="name != null">
        name,
      </if>
      <if test="account != null">
        account,
      </if>
      <if test="password != null">
        password,
      </if>
      <if test="ip != null">
        ip,
      </if>
      <if test="loginTime != null">
        login_time,
      </if>
      <if test="isDeleted != null">
        is_deleted,
      </if>
      <if test="createBy != null">
        create_by,
      </if>
      <if test="createTime != null">
        create_time,
      </if>
      <if test="modifyBy != null">
        modify_by,
      </if>
      <if test="modifyTime != null">
        modify_time,
      </if>
    </trim>
    <trim prefix="values (" suffix=")" suffixOverrides=",">
      <if test="id != null">
        #{id,jdbcType=BIGINT},
      </if>
      <if test="name != null">
        #{name,jdbcType=VARCHAR},
      </if>
      <if test="account != null">
        #{account,jdbcType=VARCHAR},
      </if>
      <if test="password != null">
        #{password,jdbcType=VARCHAR},
      </if>
      <if test="ip != null">
        #{ip,jdbcType=VARCHAR},
      </if>
      <if test="loginTime != null">
        #{loginTime,jdbcType=TIMESTAMP},
      </if>
      <if test="isDeleted != null">
        #{isDeleted,jdbcType=INTEGER},
      </if>
      <if test="createBy != null">
        #{createBy,jdbcType=VARCHAR},
      </if>
      <if test="createTime != null">
        #{createTime,jdbcType=TIMESTAMP},
      </if>
      <if test="modifyBy != null">
        #{modifyBy,jdbcType=VARCHAR},
      </if>
      <if test="modifyTime != null">
        #{modifyTime,jdbcType=TIMESTAMP},
      </if>
    </trim>
  </insert>

  <select id="findBigdataAccountByPage" resultType="com.intellif.cloud.personfile.manage.entity.BigdataAccount">
    select
    <include refid="BigdataAccount_Base_Column_List" />
    from
    t_bigdata_account
    <trim prefix="where" suffix="and is_deleted = 0" prefixOverrides="and">
      <if test="id != null">
        and id = #{id}
      </if>
      <if test="name != null">
        and name like concat('%',#{name,jdbcType=VARCHAR},'%')
      </if>
      <if test="account != null">
        and account like concat('%',#{account,jdbcType=VARCHAR},'%')
      </if>
      <if test="password != null">
        and password = #{password}
      </if>
    </trim>
  </select>

  <update id="updateBigdataAccount" parameterType="com.intellif.cloud.personfile.manage.entity.BigdataAccount">
    update t_bigdata_account
    <set>
      <if test="name != null">
        name = #{name,jdbcType=VARCHAR},
      </if>
      <if test="account != null">
        account = #{account,jdbcType=VARCHAR},
      </if>
      <if test="password != null">
        password = #{password,jdbcType=VARCHAR},
      </if>
      <if test="loginTime != null">
        login_time = #{loginTime,jdbcType=TIMESTAMP},
      </if>
      <if test="ip != null">
        ip = #{ip,jdbcType=VARCHAR},
      </if>
      <if test="isDeleted != null">
        is_deleted = #{isDeleted,jdbcType=INTEGER},
      </if>
      <if test="modifyBy != null">
        modify_by = #{modifyBy,jdbcType=VARCHAR},
      </if>
    </set>
    where id = #{id,jdbcType=BIGINT}
  </update>

</mapper>