<?xml version="1.0" encoding="UTF-8"?>
<!DOCTYPE mapper PUBLIC "-//mybatis.org//DTD Mapper 3.0//EN" "http://mybatis.org/dtd/mybatis-3-mapper.dtd">
<mapper namespace="com.intellif.cloud.personfile.manage.services.base">
  <resultMap id="AnalysisExportTaskBaseResultMap" type="com.intellif.cloud.personfile.manage.entity.BigdataAnalysisExportTask">
    <id column="id" jdbcType="BIGINT" property="id" />
    <result column="task_id" jdbcType="BIGINT" property="taskId" />
    <result column="task_type" jdbcType="VARCHAR" property="taskType" />
    <result column="file_name" jdbcType="VARCHAR" property="fileName" />
    <result column="file_path" jdbcType="VARCHAR" property="filePath" />
    <result column="start_time" jdbcType="TIMESTAMP" property="startTime" />
    <result column="end_time" jdbcType="TIMESTAMP" property="endTime" />
    <result column="exec_id" jdbcType="VARCHAR" property="execId" />
    <result column="use_time" jdbcType="BIGINT" property="useTime" />
    <result column="status" jdbcType="INTEGER" property="status" />
    <result column="task_name" jdbcType="VARCHAR" property="taskName" />
    <result column="download_msg" jdbcType="VARCHAR" property="downloadMsg" />
    <result column="retry_times" jdbcType="INTEGER" property="retryTimes" />
    <result column="create_by" jdbcType="VARCHAR" property="createBy" />
    <result column="create_time" jdbcType="TIMESTAMP" property="createTime" />
    <result column="modify_time" jdbcType="TIMESTAMP" property="modifyTime" />
    <result column="modify_by" jdbcType="VARCHAR" property="modifyBy" />
  </resultMap>

  <resultMap extends="AnalysisExportTaskBaseResultMap" id="ResultMapWithBLOBs" type="com.intellif.cloud.personfile.manage.entity.BigdataAnalysisExportTask">
    <result column="req_params" jdbcType="LONGVARCHAR" property="reqParams" />
  </resultMap>

  <sql id="AnalysisExportTask_Base_Column_List">
    id, task_id, task_type, file_name, file_path, start_time, end_time, exec_id, use_time, 
    status, download_msg, retry_times, create_by, create_time, modify_time, modify_by, req_params,task_name
  </sql>

  <select id="selectAnalysisExportTaskById" parameterType="java.lang.Long" resultMap="ResultMapWithBLOBs">
    select 
    <include refid="AnalysisExportTask_Base_Column_List" />
    from t_bigdata_analysis_export_task
    where id = #{id,jdbcType=BIGINT}
  </select>

  <delete id="deleteBigdataAnalysisExportTask" parameterType="java.lang.Long">
    delete from t_bigdata_analysis_export_task
    where id = #{id,jdbcType=BIGINT}
  </delete>

  <insert id="insertBigdataAnalysisExportTask" useGeneratedKeys="true" keyProperty="id" parameterType="com.intellif.cloud.personfile.manage.entity.BigdataAnalysisExportTask">
    insert into t_bigdata_analysis_export_task
    <trim prefix="(" suffix=")" suffixOverrides=",">
      <if test="id != null">
        id,
      </if>
      <if test="taskId != null">
        task_id,
      </if>
      <if test="taskType != null">
        task_type,
      </if>
      <if test="fileName != null">
        file_name,
      </if>
      <if test="taskName != null">
        task_name,
      </if>
      <if test="filePath != null">
        file_path,
      </if>
      <if test="startTime != null">
        start_time,
      </if>
      <if test="endTime != null">
        end_time,
      </if>
      <if test="execId != null">
        exec_id,
      </if>
      <if test="useTime != null">
        use_time,
      </if>
      <if test="status != null">
        status,
      </if>
      <if test="downloadMsg != null">
        download_msg,
      </if>
      <if test="retryTimes != null">
        retry_times,
      </if>
      <if test="createBy != null">
        create_by,
      </if>
      <if test="createTime != null">
        create_time,
      </if>
      <if test="modifyTime != null">
        modify_time,
      </if>
      <if test="modifyBy != null">
        modify_by,
      </if>
      <if test="reqParams != null">
        req_params,
      </if>
    </trim>
    <trim prefix="values (" suffix=")" suffixOverrides=",">
      <if test="id != null">
        #{id,jdbcType=BIGINT},
      </if>
      <if test="taskId != null">
        #{taskId,jdbcType=BIGINT},
      </if>
      <if test="taskType != null">
        #{taskType,jdbcType=VARCHAR},
      </if>
      <if test="fileName != null">
        #{fileName,jdbcType=VARCHAR},
      </if>
      <if test="taskName != null">
        #{taskName,jdbcType=VARCHAR},
      </if>
      <if test="filePath != null">
        #{filePath,jdbcType=VARCHAR},
      </if>
      <if test="startTime != null">
        #{startTime,jdbcType=TIMESTAMP},
      </if>
      <if test="endTime != null">
        #{endTime,jdbcType=TIMESTAMP},
      </if>
      <if test="execId != null">
        #{execId,jdbcType=VARCHAR},
      </if>
      <if test="useTime != null">
        #{useTime,jdbcType=BIGINT},
      </if>
      <if test="status != null">
        #{status,jdbcType=INTEGER},
      </if>
      <if test="downloadMsg != null">
        #{downloadMsg,jdbcType=VARCHAR},
      </if>
      <if test="retryTimes != null">
        #{retryTimes,jdbcType=INTEGER},
      </if>
      <if test="createBy != null">
        #{createBy,jdbcType=VARCHAR},
      </if>
      <if test="createTime != null">
        #{createTime,jdbcType=TIMESTAMP},
      </if>
      <if test="modifyTime != null">
        #{modifyTime,jdbcType=TIMESTAMP},
      </if>
      <if test="modifyBy != null">
        #{modifyBy,jdbcType=VARCHAR},
      </if>
      <if test="reqParams != null">
        #{reqParams,jdbcType=LONGVARCHAR},
      </if>
    </trim>
  </insert>

  <update id="updateBigdataAnalysisExportTask" parameterType="com.intellif.cloud.personfile.manage.entity.BigdataAnalysisExportTask">
    update t_bigdata_analysis_export_task
    <set>
      <if test="taskId != null">
        task_id = #{taskId,jdbcType=BIGINT},
      </if>
      <if test="taskType != null">
        task_type = #{taskType,jdbcType=VARCHAR},
      </if>
      <if test="fileName != null">
        file_name = #{fileName,jdbcType=VARCHAR},
      </if>
      <if test="taskName != null">
        task_name = #{taskName,jdbcType=VARCHAR},
      </if>
      <if test="filePath != null">
        file_path = #{filePath,jdbcType=VARCHAR},
      </if>
      <if test="startTime != null">
        start_time = #{startTime,jdbcType=TIMESTAMP},
      </if>
      <if test="endTime != null">
        end_time = #{endTime,jdbcType=TIMESTAMP},
      </if>
      <if test="execId != null">
        exec_id = #{execId,jdbcType=VARCHAR},
      </if>
      <if test="useTime != null">
        use_time = #{useTime,jdbcType=BIGINT},
      </if>
      <if test="status != null">
        status = #{status,jdbcType=INTEGER},
      </if>
      <if test="downloadMsg != null">
        download_msg = #{downloadMsg,jdbcType=VARCHAR},
      </if>
      <if test="retryTimes != null">
        retry_times = #{retryTimes,jdbcType=INTEGER},
      </if>
      <if test="modifyBy != null">
        modify_by = #{modifyBy,jdbcType=VARCHAR},
      </if>
      <if test="reqParams != null">
        req_params = #{reqParams,jdbcType=LONGVARCHAR},
      </if>
    </set>
    where id = #{id,jdbcType=BIGINT}
  </update>

</mapper>