<?xml version="1.0" encoding="UTF-8"?>
<!DOCTYPE mapper PUBLIC "-//mybatis.org//DTD Mapper 3.0//EN" "http://mybatis.org/dtd/mybatis-3-mapper.dtd">
<mapper namespace="com.intellif.cloud.personfile.manage.services.base">
  <resultMap id="StatisticPersonfileAgeBaseResultMap" type="com.intellif.cloud.personfile.manage.entity.StatisticPersonfileAge">
    <id column="id" jdbcType="INTEGER" property="id" />
    <result column="create_time" jdbcType="TIMESTAMP" property="createTime" />
    <result column="modify_time" jdbcType="TIMESTAMP" property="modifiedTime" />
    <result column="person_file_age_id" jdbcType="INTEGER" property="personFileAgeId" />
    <result column="person_file_age_name" jdbcType="VARCHAR" property="personFileAgeName" />
    <result column="total" jdbcType="BIGINT" property="personFileAgeNum" />
  </resultMap>
  <sql id="StatisticPersonfileAgeBase_Column_List">
    id, create_time, modify_time, person_file_age_id, person_file_age_name, total
  </sql>
  <delete id="deleteStatisticPersonfileAge" parameterType="java.lang.Integer">
    delete from t_bigdata_statistic_age_daily
    where id = #{id,jdbcType=INTEGER}
  </delete>
  <insert id="batchInsertStatisticPersonfileAge" parameterType="com.intellif.cloud.personfile.manage.entity.StatisticPersonfileAge">
    insert into t_bigdata_statistic_age_daily
     (
        id,
        create_time,
        modify_time,
        person_file_age_id,
        person_file_age_name,
        total
      )
    VALUES
    <foreach collection="list" item="statisticPersonfileAge" separator=",">
      (
        #{statisticPersonfileAge.id,jdbcType=INTEGER},
        #{statisticPersonfileAge.createTime,jdbcType=TIMESTAMP},
        #{statisticPersonfileAge.modifiedTime,jdbcType=TIMESTAMP},
        #{statisticPersonfileAge.personFileAgeId,jdbcType=INTEGER},
        #{statisticPersonfileAge.personFileAgeName,jdbcType=VARCHAR},
        #{statisticPersonfileAge.personFileAgeNum,jdbcType=BIGINT}
      )
    </foreach>
  </insert>
  <insert id="insertStatisticPersonfileAge" parameterType="com.intellif.cloud.personfile.manage.entity.StatisticPersonfileAge">
    insert into t_bigdata_statistic_age_daily
    <trim prefix="(" suffix=")" suffixOverrides=",">
      <if test="id != null">
        id,
      </if>
      <if test="createTime != null">
        create_time,
      </if>
      <if test="modifiedTime != null">
        modify_time,
      </if>
      <if test="personFileAgeId != null">
        person_file_age_id,
      </if>
      <if test="personFileAgeName != null">
        person_file_age_name,
      </if>
      <if test="personFileAgeNum != null">
        total,
      </if>
    </trim>
    <trim prefix="values (" suffix=")" suffixOverrides=",">
      <if test="id != null">
        #{id,jdbcType=INTEGER},
      </if>
      <if test="createTime != null">
        #{createTime,jdbcType=TIMESTAMP},
      </if>
      <if test="modifiedTime != null">
        #{modifiedTime,jdbcType=TIMESTAMP},
      </if>
      <if test="personFileAgeId != null">
        #{personFileAgeId,jdbcType=INTEGER},
      </if>
      <if test="personFileAgeName != null">
        #{personFileAgeName,jdbcType=VARCHAR},
      </if>
      <if test="personFileAgeNum != null">
        #{personFileAgeNum,jdbcType=BIGINT},
      </if>
    </trim>
  </insert>

  <update id="updateByIdStatisticPersonfileAge" parameterType="com.intellif.cloud.personfile.manage.entity.StatisticPersonfileAge">
    update t_bigdata_statistic_age_daily
    <set>
      <if test="createTime != null">
        create_time = #{createTime,jdbcType=TIMESTAMP},
      </if>
      <if test="modifiedTime != null">
        modify_time = #{modifiedTime,jdbcType=TIMESTAMP},
      </if>
      <if test="personFileAgeId != null">
        person_file_age_id = #{personFileAgeId,jdbcType=INTEGER},
      </if>
      <if test="personFileAgeName != null">
        person_file_age_name = #{personFileAgeName,jdbcType=VARCHAR},
      </if>
      <if test="personFileAgeNum != null">
        total = #{personFileAgeNum,jdbcType=BIGINT},
      </if>
    </set>
    where id = #{id,jdbcType=INTEGER}
  </update>

</mapper>