<?xml version="1.0" encoding="UTF-8"?>
<!DOCTYPE mapper PUBLIC "-//mybatis.org//DTD Mapper 3.0//EN" "http://mybatis.org/dtd/mybatis-3-mapper.dtd">
<mapper namespace="com.intellif.cloud.personfile.manage.services.base">
  <resultMap id="BigdataAnalysisActivityBaseResultMap" type="com.intellif.cloud.personfile.manage.entity.BigdataAnalysisActivity">
    <id column="id" jdbcType="INTEGER" property="id" />
    <result column="task_id" jdbcType="BIGINT" property="taskId" />
    <result column="aid" jdbcType="VARCHAR" property="aid" />
    <result column="source_id" jdbcType="VARCHAR" property="sourceId" />
    <result column="periods" jdbcType="VARCHAR" property="periods" />
    <result column="image_count" jdbcType="BIGINT" property="imageCount" />
    <result column="site" jdbcType="VARCHAR" property="site" />
    <result column="create_time" jdbcType="TIMESTAMP" property="createTime" />
    <result column="create_by" jdbcType="VARCHAR" property="createBy" />
    <result column="modify_time" jdbcType="TIMESTAMP" property="modifyTime" />
    <result column="modify_by" jdbcType="VARCHAR" property="modifyBy" />
  </resultMap>

  <sql id="BigdataAnalysisActivity_Base_Column_List">
    id, task_id, aid, source_id, periods, image_count, site, create_time, create_by, modify_time,
    modify_by
  </sql>

  <select id="findAnalysisActivityByTaskId" parameterType="java.lang.Long" resultMap="BigdataAnalysisActivityBaseResultMap">
    select 
    <include refid="BigdataAnalysisActivity_Base_Column_List" />
    from t_bigdata_analysis_activity
    where task_id = #{taskId}
  </select>

  <delete id="deleteBigdataAnalysisActivity" parameterType="java.lang.Long">
    delete from t_bigdata_analysis_activity
    where task_id = #{taskId}
  </delete>

  <insert id="insertBigdataAnalysisActivity" parameterType="com.intellif.cloud.personfile.manage.entity.BigdataAnalysisActivity">
    insert into t_bigdata_analysis_activity
    <trim prefix="(" suffix=")" suffixOverrides=",">
      <if test="id != null">
        id,
      </if>
      <if test="taskId != null">
        task_id,
      </if>
      <if test="aid != null">
        aid,
      </if>
      <if test="sourceId != null">
        source_id,
      </if>
      <if test="periods != null">
        periods,
      </if>
      <if test="imageCount != null">
        image_count,
      </if>
      <if test="site != null">
        site,
      </if>
      <if test="createTime != null">
        create_time,
      </if>
      <if test="createBy != null">
        create_by,
      </if>
      <if test="modifyTime != null">
        modify_time,
      </if>
      <if test="modifyBy != null">
        modify_by,
      </if>
    </trim>
    <trim prefix="values (" suffix=")" suffixOverrides=",">
      <if test="id != null">
        #{id,jdbcType=INTEGER},
      </if>
      <if test="taskId != null">
        #{taskId,jdbcType=BIGINT},
      </if>
      <if test="aid != null">
        #{aid},
      </if>
      <if test="sourceId != null">
        #{sourceId,jdbcType=VARCHAR},
      </if>
      <if test="periods != null">
        #{periods,jdbcType=VARCHAR},
      </if>
      <if test="imageCount != null">
        #{imageCount,jdbcType=BIGINT},
      </if>
      <if test="site != null">
        #{site,jdbcType=VARCHAR},
      </if>
      <if test="createTime != null">
        #{createTime,jdbcType=TIMESTAMP},
      </if>
      <if test="createBy != null">
        #{createBy,jdbcType=VARCHAR},
      </if>
      <if test="modifyTime != null">
        #{modifyTime,jdbcType=TIMESTAMP},
      </if>
      <if test="modifyBy != null">
        #{modifyBy,jdbcType=VARCHAR},
      </if>
    </trim>
  </insert>

  <update id="updateBigdataAnalysisActivity" parameterType="com.intellif.cloud.personfile.manage.entity.BigdataAnalysisActivity">
    update t_bigdata_analysis_activity
    <set>
      <if test="taskId != null">
        task_id = #{taskId,jdbcType=BIGINT},
      </if>
      <if test="aid != null">
        aid = #{aid},
      </if>
      <if test="sourceId != null">
        source_id = #{sourceId,jdbcType=VARCHAR},
      </if>
      <if test="periods != null">
        periods = #{periods,jdbcType=VARCHAR},
      </if>
      <if test="imageCount != null">
        image_count = #{imageCount,jdbcType=BIGINT},
      </if>
      <if test="site != null">
        site = #{site,jdbcType=VARCHAR},
      </if>
      <if test="createTime != null">
        create_time = #{createTime,jdbcType=TIMESTAMP},
      </if>
      <if test="createBy != null">
        create_by = #{createBy,jdbcType=VARCHAR},
      </if>
      <if test="modifyTime != null">
        modify_time = #{modifyTime,jdbcType=TIMESTAMP},
      </if>
      <if test="modifyBy != null">
        modify_by = #{modifyBy,jdbcType=VARCHAR},
      </if>
    </set>
    where id = #{id,jdbcType=INTEGER}
  </update>

</mapper>