<?xml version="1.0" encoding="UTF-8"?>
<!DOCTYPE mapper PUBLIC "-//mybatis.org//DTD Mapper 3.0//EN" "http://mybatis.org/dtd/mybatis-3-mapper.dtd">
<mapper namespace="com.intellif.cloud.personfile.manage.services.base">
    <resultMap id="PersonfileConcernResultMap"
               type="com.intellif.cloud.personfile.manage.entity.PersonfileConcern">
        <id column="id" jdbcType="BIGINT" property="id"/>
        <result column="create_time" jdbcType="TIMESTAMP" property="createTime"/>
        <result column="create_by" jdbcType="VARCHAR" property="creater"/>
        <result column="modify_time" jdbcType="TIMESTAMP" property="modifiedTime"/>
        <result column="modify_by" jdbcType="VARCHAR" property="modifier"/>
        <result column="aid" jdbcType="VARCHAR" property="personFilesId"/>
        <result column="concerner" jdbcType="VARCHAR" property="concerner"/>
        <result column="is_deleted" jdbcType="TINYINT" property="isDeleted"/>
    </resultMap>
    <sql id="PersonfileConcern_Column_List">
        id, create_time, create_by, modify_time, modify_by, aid, concerner, is_deleted
    </sql>
    <select id="findByIdPersonfileConcern" parameterType="java.lang.Long" resultMap="PersonfileConcernResultMap">
        select
        <include refid="PersonfileConcern_Column_List"/>
        from t_bigdata_concern
        where id = #{id,jdbcType=BIGINT} and is_deleted = 0
    </select>
    <update id="updateByPersonfileId"
            parameterType="com.intellif.cloud.personfile.manage.entity.PersonfileConcern">
        update t_bigdata_concern
        <set>
            <if test="isDeleted != null">
                is_deleted = #{isDeleted,jdbcType=TINYINT},
            </if>
        </set>
        <where>
            <if test="personFilesId != null">
                aid = #{personFilesId,jdbcType=VARCHAR}
            </if>
        </where>
    </update>
    <insert id="insertPersonfileConcern"
            parameterType="com.intellif.cloud.personfile.manage.entity.PersonfileConcern">
        insert into t_bigdata_concern
        <trim prefix="(" suffix=")" suffixOverrides=",">
            <if test="id != null">
                id,
            </if>
            <if test="createTime != null">
                create_time,
            </if>
            <if test="creater != null">
                create_by,
            </if>
            <if test="modifiedTime != null">
                modify_time,
            </if>

            <if test="modifier != null">
                modify_by,
            </if>
            <if test="personFilesId != null">
                aid,
            </if>
            <if test="concerner != null">
                concerner,
            </if>
            <if test="isDeleted != null">
                is_deleted,
            </if>
        </trim>
        <trim prefix="values (" suffix=")" suffixOverrides=",">
            <if test="id != null">
                #{id,jdbcType=BIGINT},
            </if>
            <if test="createTime != null">
                #{createTime,jdbcType=TIMESTAMP},
            </if>
            <if test="creater != null">
                #{creater,jdbcType=VARCHAR},
            </if>
            <if test="modifiedTime != null">
                #{modifiedTime,jdbcType=TIMESTAMP},
            </if>

            <if test="modifier != null">
                #{modifier,jdbcType=VARCHAR},
            </if>
            <if test="personFilesId != null">
                #{personFilesId,jdbcType=VARCHAR},
            </if>
            <if test="concerner != null">
                #{concerner,jdbcType=VARCHAR},
            </if>
            <if test="isDeleted != null">
                #{isDeleted,jdbcType=TINYINT},
            </if>
        </trim>
    </insert>
    <update id="updatePersonfileConcern"
            parameterType="com.intellif.cloud.personfile.manage.entity.PersonfileConcern">
        update t_bigdata_concern
        <set>
            <if test="createTime != null">
                create_time = #{createTime,jdbcType=TIMESTAMP},
            </if>
            <if test="creater != null">
                create_by = #{creater,jdbcType=VARCHAR},
            </if>
            <if test="modifiedTime != null">
                modify_time = #{modifiedTime,jdbcType=TIMESTAMP},
            </if>

            <if test="modifier != null">
                modify_by = #{modifier,jdbcType=VARCHAR},
            </if>
            <if test="personFilesId != null">
                aid = #{personFilesId,jdbcType=VARCHAR},
            </if>
            <if test="concerner != null">
                concerner = #{concerner,jdbcType=VARCHAR},
            </if>
            <if test="isDeleted != null">
                is_deleted = #{isDeleted,jdbcType=TINYINT},
            </if>
        </set>
        where id = #{id,jdbcType=BIGINT}
    </update>
</mapper>