<?xml version="1.0" encoding="UTF-8"?>
<!DOCTYPE mapper PUBLIC "-//mybatis.org//DTD Mapper 3.0//EN" "http://mybatis.org/dtd/mybatis-3-mapper.dtd">
<mapper namespace="com.intellif.cloud.personfile.manage.services.base">
  <resultMap id="BigdataAnalysisTraceBaseResultMap" type="com.intellif.cloud.personfile.manage.entity.BigdataAnalysisTrace">
    <id column="id" jdbcType="BIGINT" property="id" />
    <result column="task_id" jdbcType="BIGINT" property="taskId" />
    <result column="date" jdbcType="BIGINT" property="date" />
    <result column="camera_id" jdbcType="VARCHAR" property="cameraId" />
    <result column="camera_name" jdbcType="VARCHAR" property="cameraName" />
    <result column="geo_string" jdbcType="VARCHAR" property="geoString" />
    <result column="create_time" jdbcType="TIMESTAMP" property="createTime" />
    <result column="create_by" jdbcType="VARCHAR" property="createBy" />
    <result column="modify_time" jdbcType="TIMESTAMP" property="modifyTime" />
    <result column="modify_by" jdbcType="VARCHAR" property="modifyBy" />
  </resultMap>

  <sql id="BigdataAnalysisTrace_Base_Column_List">
    id, date, camera_id, camera_name, geo_string, create_time, create_by, modify_time, task_id,
    modify_by
  </sql>

  <select id="findAnalysisTraceById" parameterType="java.lang.Long" resultMap="BigdataAnalysisTraceBaseResultMap">
    select 
    <include refid="BigdataAnalysisTrace_Base_Column_List" />
    from t_bigdata_analysis_trace
    where id = #{id,jdbcType=BIGINT}
  </select>

  <delete id="deleteBigdataAnalysisTrace" parameterType="java.lang.Long">
    delete from t_bigdata_analysis_trace
    where id = #{id,jdbcType=BIGINT}
  </delete>

  <insert id="insertBigdataAnalysisTrace" parameterType="com.intellif.cloud.personfile.manage.entity.BigdataAnalysisTrace">
    insert into t_bigdata_analysis_trace
    <trim prefix="(" suffix=")" suffixOverrides=",">
      <if test="id != null">
        id,
      </if>
      <if test="taskId != null">
        task_id,
      </if>
      <if test="date != null">
        date,
      </if>
      <if test="cameraId != null">
        camera_id,
      </if>
      <if test="cameraName != null">
        camera_name,
      </if>
      <if test="geoString != null">
        geo_string,
      </if>
      <if test="createTime != null">
        create_time,
      </if>
      <if test="createBy != null">
        create_by,
      </if>
      <if test="modifyTime != null">
        modify_time,
      </if>
      <if test="modifyBy != null">
        modify_by,
      </if>
    </trim>
    <trim prefix="values (" suffix=")" suffixOverrides=",">
      <if test="id != null">
        #{id,jdbcType=BIGINT},
      </if>
      <if test="taskId != null">
        #{taskId,jdbcType=BIGINT},
      </if>
      <if test="date != null">
        #{date,jdbcType=BIGINT},
      </if>
      <if test="cameraId != null">
        #{cameraId,jdbcType=VARCHAR},
      </if>
      <if test="cameraName != null">
        #{cameraName,jdbcType=VARCHAR},
      </if>
      <if test="geoString != null">
        #{geoString,jdbcType=DOUBLE},
      </if>
      <if test="createTime != null">
        #{createTime,jdbcType=TIMESTAMP},
      </if>
      <if test="createBy != null">
        #{createBy,jdbcType=VARCHAR},
      </if>
      <if test="modifyTime != null">
        #{modifyTime,jdbcType=TIMESTAMP},
      </if>
      <if test="modifyBy != null">
        #{modifyBy,jdbcType=VARCHAR},
      </if>
    </trim>
  </insert>

  <update id="updateBigdataAnalysisTrace" parameterType="com.intellif.cloud.personfile.manage.entity.BigdataAnalysisTrace">
    update t_bigdata_analysis_trace
    <set>
      <if test="date != null">
        date = #{date,jdbcType=BIGINT},
      </if>
      <if test="cameraId != null">
        camera_id = #{cameraId,jdbcType=VARCHAR},
      </if>
      <if test="cameraName != null">
        camera_name = #{cameraName,jdbcType=VARCHAR},
      </if>
      <if test="geoString != null">
        geo_string = #{geoString,jdbcType=VARCHAR},
      </if>
      <if test="createTime != null">
        create_time = #{createTime,jdbcType=TIMESTAMP},
      </if>
      <if test="createBy != null">
        create_by = #{createBy,jdbcType=VARCHAR},
      </if>
      <if test="modifyTime != null">
        modify_time = #{modifyTime,jdbcType=TIMESTAMP},
      </if>
      <if test="modifyBy != null">
        modify_by = #{modifyBy,jdbcType=VARCHAR},
      </if>
    </set>
    where id = #{id,jdbcType=BIGINT}
  </update>
</mapper>