<?xml version="1.0" encoding="UTF-8"?>
<!DOCTYPE mapper PUBLIC "-//mybatis.org//DTD Mapper 3.0//EN" "http://mybatis.org/dtd/mybatis-3-mapper.dtd">
<mapper namespace="com.intellif.cloud.personfile.manage.services.base">
  <resultMap id="BaseResultMap" type="com.intellif.cloud.personfile.manage.entity.PersonfileOperateLog">
    <id column="id" jdbcType="INTEGER" property="id" />
    <result column="create_time" jdbcType="TIMESTAMP" property="createTime" />
    <result column="modify_time" jdbcType="TIMESTAMP" property="modifiedTime" />
    <result column="operate_user_name" jdbcType="VARCHAR" property="operateUserName" />
    <result column="operate_user_id" jdbcType="INTEGER" property="operateUserId" />
    <result column="operate_time" jdbcType="TIMESTAMP" property="operateTime" />
    <result column="operate_name" jdbcType="VARCHAR" property="operateName" />
    <result column="operate_user_ip" jdbcType="VARCHAR" property="operateUserIp" />
    <result column="remark" jdbcType="VARCHAR" property="remark" />
  </resultMap>
  <sql id="Base_Column_List">
    id, create_time, modify_time, operate_user_id, operate_time, operate_name, operate_user_ip,
    remark, operate_user_name
  </sql>

  <insert id="insertPersonfileOperateLog" parameterType="com.intellif.cloud.personfile.manage.entity.PersonfileOperateLog">
    insert into t_bigdata_operate_log
    <trim prefix="(" suffix=")" suffixOverrides=",">
      <if test="id != null">
        id,
      </if>
      <if test="createTime != null">
        create_time,
      </if>
      <if test="modifiedTime != null">
        modify_time,
      </if>
      <if test="operateUserName != null">
        operate_user_name,
      </if>
      <if test="operateUserId != null">
        operate_user_id,
      </if>
      <if test="operateTime != null">
        operate_time,
      </if>
      <if test="operateName != null">
        operate_name,
      </if>
      <if test="operateUserIp != null">
        operate_user_ip,
      </if>
      <if test="remark != null">
        remark,
      </if>
    </trim>
    <trim prefix="values (" suffix=")" suffixOverrides=",">
      <if test="id != null">
        #{id,jdbcType=INTEGER},
      </if>
      <if test="createTime != null">
        #{createTime,jdbcType=TIMESTAMP},
      </if>
      <if test="modifiedTime != null">
        #{modifiedTime,jdbcType=TIMESTAMP},
      </if>
      <if test="operateUserId != null">
        #{operateUserId,jdbcType=INTEGER},
      </if>
      <if test="operateUserName != null">
        #{operateUserName,jdbcType=VARCHAR},
      </if>
      <if test="operateTime != null">
        #{operateTime,jdbcType=TIMESTAMP},
      </if>
      <if test="operateName != null">
        #{operateName,jdbcType=VARCHAR},
      </if>
      <if test="operateUserIp != null">
        #{operateUserIp,jdbcType=VARCHAR},
      </if>
      <if test="remark != null">
        #{remark,jdbcType=VARCHAR},
      </if>
    </trim>
  </insert>
  <update id="updatePersonfileOperateLog" parameterType="com.intellif.cloud.personfile.manage.entity.PersonfileOperateLog">
    update t_bigdata_operate_log
    <set>
      <if test="createTime != null">
        create_time = #{createTime,jdbcType=TIMESTAMP},
      </if>
      <if test="modifiedTime != null">
        modify_time = #{modifiedTime,jdbcType=TIMESTAMP},
      </if>
      <if test="operateUserId != null">
        operate_user_id = #{operateUserId,jdbcType=INTEGER},
      </if>
      <if test="operateUserName != null">
        operate_user_name = #{operateUserName,jdbcType=VARCHAR},
      </if>
      <if test="operateTime != null">
        operate_time = #{operateTime,jdbcType=TIMESTAMP},
      </if>
      <if test="operateName != null">
        operate_name = #{operateName,jdbcType=VARCHAR},
      </if>
      <if test="operateUserIp != null">
        operate_user_ip = #{operateUserIp,jdbcType=VARCHAR},
      </if>
      <if test="remark != null">
        remark = #{remark,jdbcType=VARCHAR},
      </if>
    </set>
    where id = #{id,jdbcType=INTEGER}
  </update>

</mapper>