<?xml version="1.0" encoding="UTF-8"?>
<!DOCTYPE mapper PUBLIC "-//mybatis.org//DTD Mapper 3.0//EN" "http://mybatis.org/dtd/mybatis-3-mapper.dtd">
<mapper namespace="com.intellif.cloud.personfile.manage.services.base">
  <resultMap id="StatisticPersonfileEventBaseResultMap" type="com.intellif.cloud.personfile.manage.entity.StatisticPersonfileEvent">
    <id column="id" jdbcType="INTEGER" property="id" />
    <result column="create_time" jdbcType="TIMESTAMP" property="createTime" />
    <result column="modify_time" jdbcType="TIMESTAMP" property="modifyTime" />
    <result column="dt" jdbcType="TIMESTAMP" property="dt" />
    <result column="inc_num" jdbcType="INTEGER" property="incNum" />
  </resultMap>

  <insert id="insertStatisticPersonfileEvent" parameterType="com.intellif.cloud.personfile.manage.entity.StatisticPersonfileEvent">
    replace into
      t_bigdata_statistic_event_daily
    <trim prefix="(" suffix=")" suffixOverrides=",">
      <if test="id != null">
        id,
      </if>
      <if test="createTime != null">
        create_time,
      </if>
      <if test="modifyTime != null">
        modify_time,
      </if>
      <if test="dt != null">
        dt,
      </if>
      <if test="incNum != null">
        inc_num,
      </if>
    </trim>
    <trim prefix="values (" suffix=")" suffixOverrides=",">
      <if test="id != null">
        #{id},
      </if>
      <if test="createTime != null">
        #{createTime},
      </if>
      <if test="modifyTime != null">
        #{modifyTime},
      </if>
      <if test="dt != null">
        #{dt},
      </if>
      <if test="incNum != null">
        #{incNum},
      </if>
    </trim>
  </insert>

  <select id="findStatisticEventDailyByDate" parameterType="java.lang.String" resultType="com.intellif.cloud.personfile.manage.entity.StatisticPersonfileEvent">
        select
          *
        from
          t_bigdata_statistic_event_daily
        where
          dt
        between
          #{startTime}
        and
          #{endTime}
        order by
          dt
        asc
    </select>

  <select id="statisticEvent" resultType="java.lang.Integer">
    select sum(inc_num) from t_bigdata_statistic_event_daily
  </select>


  <update id="updateStatisticEvent">
    update
      t_bigdata_statistic_event_daily
    <set>
      <if test="incNum != null">
        inc_num = inc_num + #{incNum},
      </if>
    </set>
    where
      dt = #{dt}
  </update>

</mapper>