<?xml version="1.0" encoding="UTF-8"?>
<!DOCTYPE mapper PUBLIC "-//mybatis.org//DTD Mapper 3.0//EN" "http://mybatis.org/dtd/mybatis-3-mapper.dtd">
<mapper namespace="com.intellif.cloud.personfile.manage.services.base">
  <resultMap id="BigdataAnalysisPeerBaseResultMap" type="com.intellif.cloud.personfile.manage.entity.BigdataAnalysisPeer">
    <id column="id" jdbcType="BIGINT" property="id" />
    <result column="task_id" jdbcType="BIGINT" property="taskId" />
    <result column="aid" jdbcType="VARCHAR" property="aid" />
    <result column="camera_id" jdbcType="VARCHAR" property="cameraId" />
    <result column="camera_name" jdbcType="VARCHAR" property="cameraName" />
    <result column="geo_string" jdbcType="VARCHAR" property="geoString" />
    <result column="date" jdbcType="DATE" property="date" />
    <result column="face_id" jdbcType="VARCHAR" property="faceId" />
    <result column="face_url" jdbcType="VARCHAR" property="faceUrl" />
    <result column="image_count" jdbcType="BIGINT" property="imageCount" />
    <result column="score" jdbcType="DOUBLE" property="score" />
    <result column="time" jdbcType="BIGINT" property="time" />
    <result column="start_time" jdbcType="BIGINT" property="startTime" />
    <result column="end_time" jdbcType="BIGINT" property="endTime" />
    <result column="create_time" jdbcType="TIMESTAMP" property="createTime" />
    <result column="create_by" jdbcType="VARCHAR" property="createBy" />
    <result column="modify_time" jdbcType="TIMESTAMP" property="modifyTime" />
    <result column="modify_by" jdbcType="VARCHAR" property="modifyBy" />
  </resultMap>

  <sql id="BigdataAnalysisPeer_Base_Column_List">
    id, task_id, aid, camera_id, camera_name, geo_string, date, face_id, face_url, image_count, 
    score, time, start_time, end_time, create_time, create_by, modify_time, modify_by, time_span
  </sql>

  <select id="findAnalysisPeerById" parameterType="java.lang.Long" resultMap="BigdataAnalysisPeerBaseResultMap">
    select 
    <include refid="BigdataAnalysisPeer_Base_Column_List" />
    from t_bigdata_analysis_peer
    where id = #{id,jdbcType=BIGINT}
  </select>

  <delete id="deleteBigdataAnalysisPeer" parameterType="java.lang.Long">
    delete from t_bigdata_analysis_peer
    where id = #{id,jdbcType=BIGINT}
  </delete>

  <insert id="insertBigdataAnalysisPeer" parameterType="com.intellif.cloud.personfile.manage.entity.BigdataAnalysisPeer">
    insert into t_bigdata_analysis_peer
    <trim prefix="(" suffix=")" suffixOverrides=",">
      <if test="id != null">
        id,
      </if>
      <if test="taskId != null">
        task_id,
      </if>
      <if test="aid != null">
        aid,
      </if>
      <if test="cameraId != null">
        camera_id,
      </if>
      <if test="cameraName != null">
        camera_name,
      </if>
      <if test="geoString != null">
        geo_string,
      </if>
      <if test="timeSpan != null">
        time_span,
      </if>
      <if test="date != null">
        date,
      </if>
      <if test="faceId != null">
        face_id,
      </if>
      <if test="faceUrl != null">
        face_url,
      </if>
      <if test="imageCount != null">
        image_count,
      </if>
      <if test="score != null">
        score,
      </if>
      <if test="time != null">
        time,
      </if>
      <if test="startTime != null">
        start_time,
      </if>
      <if test="endTime != null">
        end_time,
      </if>
      <if test="createTime != null">
        create_time,
      </if>
      <if test="createBy != null">
        create_by,
      </if>
      <if test="modifyTime != null">
        modify_time,
      </if>
      <if test="modifyBy != null">
        modify_by,
      </if>
    </trim>
    <trim prefix="values (" suffix=")" suffixOverrides=",">
      <if test="id != null">
        #{id,jdbcType=BIGINT},
      </if>
      <if test="taskId != null">
        #{taskId,jdbcType=BIGINT},
      </if>
      <if test="aid != null">
        #{aid,jdbcType=VARCHAR},
      </if>
      <if test="cameraId != null">
        #{cameraId,jdbcType=VARCHAR},
      </if>
      <if test="cameraName != null">
        #{cameraName,jdbcType=VARCHAR},
      </if>
      <if test="geoString != null">
        #{geoString,jdbcType=VARCHAR},
      </if>
      <if test="timeSpan != null">
        #{timeSpan,jdbcType=INTEGER},
      </if>
      <if test="date != null">
        #{date,jdbcType=DATE},
      </if>
      <if test="faceId != null">
        #{faceId,jdbcType=VARCHAR},
      </if>
      <if test="faceUrl != null">
        #{faceUrl,jdbcType=VARCHAR},
      </if>
      <if test="imageCount != null">
        #{imageCount,jdbcType=BIGINT},
      </if>
      <if test="score != null">
        #{score,jdbcType=DOUBLE},
      </if>
      <if test="time != null">
        #{time,jdbcType=BIGINT},
      </if>
      <if test="startTime != null">
        #{startTime,jdbcType=BIGINT},
      </if>
      <if test="endTime != null">
        #{endTime,jdbcType=BIGINT},
      </if>
      <if test="createTime != null">
        #{createTime,jdbcType=TIMESTAMP},
      </if>
      <if test="createBy != null">
        #{createBy,jdbcType=VARCHAR},
      </if>
      <if test="modifyTime != null">
        #{modifyTime,jdbcType=TIMESTAMP},
      </if>
      <if test="modifyBy != null">
        #{modifyBy,jdbcType=VARCHAR},
      </if>
    </trim>
  </insert>

  <update id="updateBigdataAnalysisPeer" parameterType="com.intellif.cloud.personfile.manage.entity.BigdataAnalysisPeer">
    update t_bigdata_analysis_peer
    <set>
      <if test="taskId != null">
        task_id = #{taskId,jdbcType=BIGINT},
      </if>
      <if test="aid != null">
        aid = #{aid,jdbcType=VARCHAR},
      </if>
      <if test="cameraId != null">
        camera_id = #{cameraId,jdbcType=VARCHAR},
      </if>
      <if test="cameraName != null">
        camera_name = #{cameraName,jdbcType=VARCHAR},
      </if>
      <if test="geoString != null">
        geo_string = #{geoString,jdbcType=VARCHAR},
      </if>
      <if test="date != null">
        date = #{date,jdbcType=DATE},
      </if>
      <if test="faceId != null">
        face_id = #{faceId,jdbcType=VARCHAR},
      </if>
      <if test="faceUrl != null">
        face_url = #{faceUrl,jdbcType=VARCHAR},
      </if>
      <if test="imageCount != null">
        image_count = #{imageCount,jdbcType=BIGINT},
      </if>
      <if test="score != null">
        score = #{score,jdbcType=DOUBLE},
      </if>
      <if test="time != null">
        time = #{time,jdbcType=BIGINT},
      </if>
      <if test="startTime != null">
        start_time = #{startTime,jdbcType=BIGINT},
      </if>
      <if test="endTime != null">
        end_time = #{endTime,jdbcType=BIGINT},
      </if>
      <if test="createTime != null">
        create_time = #{createTime,jdbcType=TIMESTAMP},
      </if>
      <if test="createBy != null">
        create_by = #{createBy,jdbcType=VARCHAR},
      </if>
      <if test="modifyTime != null">
        modify_time = #{modifyTime,jdbcType=TIMESTAMP},
      </if>
      <if test="modifyBy != null">
        modify_by = #{modifyBy,jdbcType=VARCHAR},
      </if>
    </set>
    where id = #{id,jdbcType=BIGINT}
  </update>
</mapper>