<?xml version="1.0" encoding="UTF-8"?>
<!DOCTYPE mapper PUBLIC "-//mybatis.org//DTD Mapper 3.0//EN" "http://mybatis.org/dtd/mybatis-3-mapper.dtd">
<mapper namespace="com.intellif.cloud.personfile.manage.services.base">
    <resultMap id="PersonfileSnapResultMap"
               type="com.intellif.cloud.personfile.manage.entity.PersonfileSnap">
        <result column="aid" jdbcType="VARCHAR" property="personFilesId"/>
        <result column="thumbnail_id" jdbcType="VARCHAR" property="faceId"/>
        <result column="thumbnail_url" jdbcType="VARCHAR" property="faceUrl"/>
        <result column="image_id" jdbcType="VARCHAR" property="imageId"/>
        <result column="image_url" jdbcType="VARCHAR" property="imageUrl"/>
        <result column="sys_code" jdbcType="VARCHAR" property="sysCode"/>
        <result column="algo_version" jdbcType="VARCHAR" property="algoVersion"/>
        <result column="gender_info" jdbcType="VARCHAR" property="genderInfo"/>
        <result column="age_info" jdbcType="VARCHAR" property="ageInfo"/>
        <result column="hairstyle_info" jdbcType="VARCHAR" property="hairstyleInfo"/>
        <result column="hat_info" jdbcType="VARCHAR" property="hatInfo"/>
        <result column="glasses_info" jdbcType="VARCHAR" property="glassesInfo"/>
        <result column="race_info" jdbcType="VARCHAR" property="raceInfo"/>
        <result column="mask_info" jdbcType="VARCHAR" property="maskInfo"/>
        <result column="skin_info" jdbcType="VARCHAR" property="skinInfo"/>
        <result column="pose_info" jdbcType="VARCHAR" property="poseInfo"/>
        <result column="quality_info" jdbcType="VARCHAR" property="qualityInfo"/>
        <result column="target_rect" jdbcType="VARCHAR" property="targetRect"/>
        <result column="target_rect_float" jdbcType="VARCHAR" property="targetRectFloat"/>
        <result column="land_mark_info" jdbcType="VARCHAR" property="landMarkInfo"/>
        <result column="feature_quality" jdbcType="VARCHAR" property="featureQuality"/>
        <result column="source_id" jdbcType="VARCHAR" property="sourceId"/>
        <result column="source_type" jdbcType="VARCHAR" property="sourceType"/>
        <result column="site" jdbcType="VARCHAR" property="site"/>
        <result column="time" jdbcType="TIMESTAMP" property="snapTime"/>
        <result column="create_time" jdbcType="TIMESTAMP" property="createTime"/>
        <result column="column1" jdbcType="VARCHAR" property="column1"/>
        <result column="column2" jdbcType="VARCHAR" property="column2"/>
        <result column="column3" jdbcType="VARCHAR" property="column3"/>
    </resultMap>
    <sql id="PersonfileSnap_Column_List">
        aid,
        thumbnail_id,
        thumbnail_url,
        image_id,
        image_url,
        sys_code,
        algo_version,
        gender_info,
        age_info,
        hairstyle_info,
        hat_info,
        glasses_info,
        race_info,
        mask_info,
        skin_info,
        pose_info,
        quality_info,
        target_rect,
        target_rect_float,
        land_mark_info,
        feature_quality,
        source_id,
        source_type,
        site,
        time,
        create_time,
        column1,
        column2,
        column3
    </sql>

    <select id="findEventSnapDetail" parameterType="com.intellif.cloud.personfile.manage.model.dto.snap.SnapQueryDTO"
            resultType="com.intellif.cloud.personfile.manage.model.vo.snap.EventSnapDetailVO">
        SELECT
            dt snapDate,
            count(distinct thumbnail_id) imageCount
        from
          t_bigdata_event
        <where>
            <if test="personFilesId != null">
                aid = #{personFilesId,jdbcType=VARCHAR}
            </if>
            <if test="sourceId != null">
                source_id = #{sourceId,jdbcType=VARCHAR}
            </if>
        </where>
        group by dt
    </select>

    <select id="getSnapMapDetail" resultType="com.intellif.cloud.personfile.manage.model.vo.snap.SnapMapVO">
        SELECT
        aid,
        thumbnail_id faceId,
        thumbnail_url faceUrl,
        image_id imageId,
        image_url imageUrl,
        target_rect targetRect,
        time snapTime,
        dt snapDate
        from
        t_bigdata_event
        <where>
            <if test="personFilesId != null">
                aid = #{personFilesId,jdbcType=VARCHAR}
            </if>
            <if test="sourceId != null">
                AND source_id = #{sourceId,jdbcType=VARCHAR}
            </if>
            <if test="startTime != null and endTime != null">
                AND
                dt
                &gt;=
                #{startTime}
                AND
                dt
                &lt;=
                #{endTime}
            </if>
        </where>
        group by thumbnail_id
        order by time desc
    </select>

    <select id="getPersonfileSnapDetail" resultType="com.intellif.cloud.personfile.manage.model.vo.snap.EventSnapDetailVO">
        SELECT
        aid personFilesId,
        thumbnail_id faceId,
        thumbnail_url faceUrl,
        image_id imageId,
        image_url imageUrl,
        target_rect targetRect,
        time snapTime,
        time st,
        dt snapDate
        from
        t_bigdata_event
        <where>
            <if test="personFilesId !=null">
                aid=#{personFilesId}
            </if>
        </where>
        group by thumbnail_id
        order by time desc
    </select>

    <insert id="insertPersonfileSnap" useGeneratedKeys="true" keyProperty="id"
            parameterType="com.intellif.cloud.personfile.manage.entity.PersonfileSnap">
        INSERT INTO  ${tableName}
        <trim prefix="(" suffix=")" suffixOverrides=",">
            <if test="personFilesId != null">
                aid,
            </if>
            <if test="faceId != null">
                thumbnail_id,
            </if>
            <if test="faceUrl != null">
                thumbnail_url,
            </if>
            <if test="imageId != null">
                image_id,
            </if>
            <if test="imageUrl != null">
                image_url,
            </if>
            <if test="sysCode != null">
                sys_code,
            </if>
            <if test="algoVersion != null">
                algo_version,
            </if>
            <if test="genderInfo != null">
                gender_info,
            </if>
            <if test="ageInfo != null">
                age_info,
            </if>
            <if test="hairstyleInfo != null">
                hairstyle_info,
            </if>
            <if test="hatInfo != null">
                hat_info,
            </if>
            <if test="glassesInfo != null">
                glasses_info,
            </if>
            <if test="raceInfo != null">
                race_info,
            </if>
            <if test="maskInfo != null">
                mask_info,
            </if>
            <if test="skinInfo != null">
                skin_info,
            </if>
            <if test="poseInfo != null">
                pose_info,
            </if>
            <if test="qualityInfo != null">
                quality_info,
            </if>
            <if test="targetRect != null">
                target_rect,
            </if>
            <if test="targetRectFloat != null">
                target_rect_float,
            </if>
            <if test="landMarkInfo != null">
                land_mark_info,
            </if>
            <if test="featureQuality != null">
                feature_quality,
            </if>
            <if test="sourceId != null">
                source_id,
            </if>
            <if test="sourceType != null">
                source_type,
            </if>
            <if test="site != null">
                site,
            </if>
            <if test="snapTime != null">
                time,
            </if>
            <if test="snapTime != null">
                dt,
            </if>
            <if test="createTime != null">
                create_time,
            </if>
            <if test="column1 != null">
                column1,
            </if>
            <if test="column2 != null">
                column2,
            </if>
            <if test="column3 != null">
                column3,
            </if>
        </trim>
        <trim prefix="values (" suffix=")" suffixOverrides=",">
            <if test="personFilesId != null">
                #{personFilesId,jdbcType=VARCHAR},
            </if>
            <if test="faceId != null">
                #{faceId,jdbcType=VARCHAR},
            </if>
            <if test="faceUrl != null">
                #{faceUrl,jdbcType=VARCHAR},
            </if>
            <if test="imageId != null">
                #{imageId,jdbcType=VARCHAR},
            </if>
            <if test="imageUrl != null">
                #{imageUrl,jdbcType=VARCHAR},
            </if>
            <if test="sysCode != null">
                #{sysCode,jdbcType=VARCHAR},
            </if>
            <if test="algoVersion != null">
                #{algoVersion,jdbcType=VARCHAR},
            </if>
            <if test="genderInfo != null">
                #{genderInfo,jdbcType=VARCHAR},
            </if>
            <if test="ageInfo != null">
                #{ageInfo,jdbcType=VARCHAR},
            </if>
            <if test="hairstyleInfo != null">
                #{hairstyleInfo,jdbcType=VARCHAR},
            </if>
            <if test="hatInfo != null">
                #{hatInfo,jdbcType=VARCHAR},
            </if>
            <if test="glassesInfo != null">
                #{glassesInfo,jdbcType=VARCHAR},
            </if>
            <if test="raceInfo != null">
                #{raceInfo,jdbcType=VARCHAR},
            </if>
            <if test="maskInfo != null">
                #{maskInfo,jdbcType=VARCHAR},
            </if>
            <if test="skinInfo != null">
                #{skinInfo,jdbcType=VARCHAR},
            </if>
            <if test="poseInfo != null">
                #{poseInfo,jdbcType=VARCHAR},
            </if>
            <if test="qualityInfo != null">
                #{qualityInfo,jdbcType=FLOAT},
            </if>
            <if test="targetRect != null">
                #{targetRect,jdbcType=VARCHAR},
            </if>
            <if test="targetRectFloat != null">
                #{targetRectFloat,jdbcType=VARCHAR},
            </if>
            <if test="landMarkInfo != null">
                #{landMarkInfo,jdbcType=VARCHAR},
            </if>
            <if test="featureQuality != null">
                #{featureQuality,jdbcType=FLOAT},
            </if>
            <if test="sourceId != null">
                #{sourceId,jdbcType=VARCHAR},
            </if>
            <if test="sourceType != null">
                #{sourceType,jdbcType=VARCHAR},
            </if>
            <if test="site != null">
                #{site,jdbcType=VARCHAR},
            </if>
            <if test="snapTime != null">
                #{snapTime},
            </if>
            <if test="snapTime != null">
                #{snapTime},
            </if>
            <if test="createTime != null">
                #{createTime},
            </if>
            <if test="column1 != null">
                #{column1,jdbcType=VARCHAR},
            </if>
            <if test="column2 != null">
                #{column2,jdbcType=VARCHAR},
            </if>
            <if test="column3 != null">
                #{column3,jdbcType=VARCHAR},
            </if>
        </trim>
        on DUPLICATE key UPDATE
        <trim suffixOverrides=",">
            <if test="personFilesId != null">
                aid = #{personFilesId},
            </if>
            <if test="faceId != null">
                thumbnail_id = #{faceId},
            </if>
            <if test="faceUrl != null">
                thumbnail_url = #{faceUrl},
            </if>
            <if test="imageId != null">
                image_id = #{imageId},
            </if>
            <if test="imageUrl != null">
                image_url = #{imageUrl},
            </if>
            <if test="sysCode != null">
                sys_code = #{sysCode},
            </if>

            <if test="algoVersion != null">
                algo_version = #{algoVersion},
            </if>
            <if test="genderInfo != null">
                gender_info = #{genderInfo},
            </if>
            <if test="ageInfo != null">
                age_info = #{ageInfo},
            </if>
            <if test="hairstyleInfo != null">
                hairstyle_info = #{hairstyleInfo},
            </if>
            <if test="hatInfo != null">
                hat_info = #{hatInfo},
            </if>
            <if test="glassesInfo != null">
                glasses_info = #{glassesInfo},
            </if>
            <if test="raceInfo != null">
                race_info = #{raceInfo},
            </if>
            <if test="maskInfo != null">
                mask_info = #{maskInfo},
            </if>
            <if test="skinInfo != null">
                skin_info = #{skinInfo},
            </if>
            <if test="poseInfo != null">
                pose_info = #{poseInfo},
            </if>
            <if test="qualityInfo != null">
                quality_info = #{qualityInfo},
            </if>
            <if test="targetRect != null">
                target_rect = #{targetRect},
            </if>
            <if test="targetRectFloat != null">
                target_rect_float = #{targetRectFloat},
            </if>
            <if test="landMarkInfo != null">
                land_mark_info = #{landMarkInfo},
            </if>
            <if test="featureQuality != null">
                feature_quality = #{featureQuality},
            </if>
            <if test="sourceId != null">
                source_id = #{sourceId},
            </if>
            <if test="sourceType != null">
                source_type = #{sourceType},
            </if>
            <if test="site != null">
                site = #{site},
            </if>
            <if test="snapTime != null">
                time = #{snapTime},
            </if>
            <if test="snapTime != null">
                dt = #{snapTime},
            </if>
            <if test="createTime != null">
                create_time = #{createTime},
            </if>
            <if test="column1 != null">
                column1 = #{column1},
            </if>
            <if test="column2 != null">
                column2 = #{column2},
            </if>
            <if test="column3 != null">
                column3 = #{column3},
            </if>
        </trim>
    </insert>

    <insert id="batchInsertPersonfileSnap" parameterType="com.intellif.cloud.personfile.manage.entity.PersonfileSnap">
        <foreach collection="list" item="param" separator=";">
            insert INTO  ${param.tableName}
            <trim prefix="(" suffix=")" suffixOverrides=",">
                aid,
                thumbnail_id,
                thumbnail_url,
                image_id,
                image_url,
                sys_code,
                algo_version,
                gender_info,
                age_info,
                hairstyle_info,
                hat_info,
                glasses_info,
                race_info,
                mask_info,
                skin_info,
                pose_info,
                quality_info,
                target_rect,
                target_rect_float,
                land_mark_info,
                feature_quality,
                source_id,
                source_type,
                site,
                time,
                dt,
                column1,
                column2,
                column3,
            </trim>
            values
            <foreach collection="param.personfileSnaps" item="snap" separator=",">
                <trim prefix="(" suffix=")" suffixOverrides=",">
                    #{snap.personFilesId},
                    #{snap.faceId},
                    #{snap.faceUrl},
                    #{snap.imageId},
                    #{snap.imageUrl},
                    #{snap.sysCode},
                    #{snap.algoVersion},
                    #{snap.genderInfo},
                    #{snap.ageInfo},
                    #{snap.hairstyleInfo},
                    #{snap.hatInfo},
                    #{snap.glassesInfo},
                    #{snap.raceInfo},
                    #{snap.maskInfo},
                    #{snap.skinInfo},
                    #{snap.poseInfo},
                    #{snap.qualityInfo},
                    #{snap.targetRect},
                    #{snap.targetRectFloat},
                    #{snap.landMarkInfo},
                    #{snap.featureQuality},
                    #{snap.sourceId},
                    #{snap.sourceType},
                    #{snap.site},
                    #{snap.snapTime},
                    #{snap.snapTime},
                    #{snap.column1},
                    #{snap.column2},
                    #{snap.column3},
                </trim>
            </foreach>
        </foreach>
    </insert>

    <!--获取有捕获照片的设备(地图)-->
    <select id="getSnapMapByPersonFilesId" resultType="com.intellif.cloud.personfile.manage.model.vo.snap.SnapMapVO">
        <foreach collection="tables" separator=" union all " item="tableName">
            (
                SELECT
                    ${tableName}camera.dev_id devId,
                    ${tableName}camera.geo_string geoString,
                    ${tableName}camera.name devName,
                    ${tableName}.thumbnail_id faceId,
                    ${tableName}.thumbnail_url faceUrl,
                    ${tableName}.image_id imageId,
                    ${tableName}.image_url imageUrl,
                    ${tableName}.time snapTime,
                    ${tableName}.target_rect targetRect
                FROM
                    ${tableName}
                INNER JOIN t_bigdata_camera_info ${tableName}camera on ${tableName}.source_id = ${tableName}camera.dev_id
                <where>
                    <if test="personFilesId !=null">
                        ${tableName}.aid=#{personFilesId,jdbcType=VARCHAR}
                    </if>
                    <if test="sourceId !=null">
                        AND ${tableName}.source_id=#{sourceId,jdbcType=VARCHAR}
                    </if>
                    <if test="startTime != null and endTime != null">
                        AND dt
                        BETWEEN
                        DATE_FORMAT(#{startTime,jdbcType=TIMESTAMP},'%Y-%m-%d')
                        AND
                        DATE_FORMAT(#{endTime,jdbcType=TIMESTAMP},'%Y-%m-%d')
                    </if>
                </where>
                group by ${tableName}.thumbnail_id
            )
        </foreach>
        ORDER BY snapTime DESC
    </select>

    <select id="getSnapMapDetailByPersonFilesId" resultType="com.intellif.cloud.personfile.manage.model.vo.snap.SnapMapVO">
        SELECT
        a.devId,
        a.personFileCount,
        c.geo_string geoString,
        c.name devName
        FROM
        t_bigdata_camera_info c
        INNER JOIN
        (
          select
            camera.dev_id devId,
            count(camera.dev_id) personFileCount
          FROM
            t_bigdata_event snap
          INNER JOIN
            t_bigdata_camera_info camera on snap.source_id=camera.dev_id
            <if test="personfilesIdList != null and personfilesIdList.size() > 0">
                where aid in
                <foreach collection="personfilesIdList" item="personfilesId" open="(" separator="," close=")">
                    #{personfilesId,jdbcType=VARCHAR}
                </foreach>
            </if>
          GROUP BY camera.dev_id
        )a on a.devId = c.dev_id
    </select>

    <select id="getByPersonfileId" parameterType="java.lang.String"
            resultMap="PersonfileRubbishResultMap">
        select
          <include refid="PersonfileSnap_Column_List"/>
        from
        t_bigdata_event
        <where>
            <trim prefixOverrides="and">
                <if test="personFilesId != null">
                  and aid=#{personFilesId,jdbcType=VARCHAR}
                </if>
                <if test="thumbnailId != null">
                  and thumbnail_id=#{thumbnailId,jdbcType=VARCHAR}
                </if>
            </trim>
        </where>
        group by thumbnail_id
        <if test="page != null and pageSize != null">
            order by thumbnail_id desc
            limit #{page},#{pageSize}
        </if>
    </select>

    <delete id="deletePersonfileSnap">
        delete
        from
        t_bigdata_event
        <where>
            <trim prefixOverrides="and">
                <if test="personFilesId !=null">
                    and aid=#{personFilesId,jdbcType=VARCHAR}
                </if>
                <if test="faceId != null">
                    and thumbnail_id=#{faceId,jdbcType=VARCHAR}
                </if>
            </trim>
        </where>
    </delete>

    <update id="updatePersonfileSnap" parameterType="com.intellif.cloud.personfile.manage.entity.PersonfileSnap">
        update t_bigdata_event
        <set>
            <if test="personFilesId != null">
                aid = #{personFilesId,jdbcType=VARCHAR},
            </if>
            <if test="faceId != null">
                thumbnail_id = #{faceId,jdbcType=VARCHAR},
            </if>
            <if test="faceUrl != null">
                thumbnail_url = #{faceUrl,jdbcType=VARCHAR},
            </if>
            <if test="imageId != null">
                image_id = #{imageId,jdbcType=VARCHAR},
            </if>
            <if test="imageUrl != null">
                image_url = #{imageUrl,jdbcType=VARCHAR},
            </if>
            <if test="sysCode != null">
                sys_code = #{sysCode,jdbcType=VARCHAR},
            </if>

            <if test="algoVersion != null">
                algo_version = #{algoVersion,jdbcType=VARCHAR},
            </if>
            <if test="genderInfo != null">
                gender_info = #{genderInfo,jdbcType=VARCHAR},
            </if>
            <if test="ageInfo != null">
                age_info = #{ageInfo,jdbcType=VARCHAR},
            </if>
            <if test="hairstyleInfo != null">
                hairstyle_info = #{hairstyleInfo,jdbcType=VARCHAR},
            </if>
            <if test="hatInfo != null">
                hat_info = #{hatInfo,jdbcType=VARCHAR},
            </if>
            <if test="glassesInfo != null">
                glasses_info = #{glassesInfo,jdbcType=VARCHAR},
            </if>
            <if test="raceInfo != null">
                race_info = #{raceInfo,jdbcType=VARCHAR},
            </if>
            <if test="maskInfo != null">
                mask_info = #{maskInfo,jdbcType=VARCHAR},
            </if>
            <if test="skinInfo != null">
                skin_info = #{skinInfo,jdbcType=VARCHAR},
            </if>
            <if test="poseInfo != null">
                pose_info = #{poseInfo,jdbcType=VARCHAR},
            </if>
            <if test="qualityInfo != null">
                quality_info = #{qualityInfo,jdbcType=FLOAT},
            </if>
            <if test="targetRect != null">
                target_rect = #{targetRect,jdbcType=VARCHAR},
            </if>
            <if test="targetRectFloat != null">
                target_rect_float = #{targetRectFloat,jdbcType=VARCHAR},
            </if>
            <if test="landMarkInfo != null">
                land_mark_info = #{landMarkInfo,jdbcType=VARCHAR},
            </if>
            <if test="featureQuality != null">
                feature_quality = #{featureQuality,jdbcType=FLOAT},
            </if>
            <if test="sourceId != null">
                source_id = #{sourceId,jdbcType=VARCHAR},
            </if>
            <if test="sourceType != null">
                source_type = #{sourceType,jdbcType=VARCHAR},
            </if>
            <if test="site != null">
                site = #{site,jdbcType=VARCHAR},
            </if>
            <if test="snapTime != null">
                time = DATE_FORMAT(#{snapTime,jdbcType=TIMESTAMP},'%Y-%m-%d %H:%i:%S'),
            </if>
            <if test="createTime != null">
                create_time = DATE_FORMAT(#{createTime,jdbcType=TIMESTAMP},'%Y-%m-%d %H:%i:%S'),
            </if>
            <if test="column1 != null">
                column1 = #{column1,jdbcType=VARCHAR},
            </if>
            <if test="column2 != null">
                column2 = #{column2,jdbcType=VARCHAR},
            </if>
            <if test="column3 != null">
                column3 = #{column3,jdbcType=VARCHAR},
            </if>
        </set>
    </update>

    <!-- 活动规律分析 -->
    <select id="getSnapActivity" resultType="com.intellif.cloud.personfile.manage.model.vo.activityRoutine.PersonfileActivityRoutinesVO">
          select
            camera.name devName,tempTable.*
          from(
              SELECT
                tempTable1.source_id devId,
                count(*) number,
                MIN(tempTable1.time) startTime,
                MAX(tempTable1.time) endTime
                from (
                    <foreach collection="tables" separator=" union all " item="tableName">
                        SELECT
                            source_id,
                            time
                        from
                        ${tableName}
                        <where>
                            <if test="personFilesId !=null">
                                aid=#{personFilesId,jdbcType=VARCHAR}
                            </if>
                        </where>
                        group by thumbnail_id
                    </foreach>
                ) tempTable1
              GROUP BY devId) tempTable
            INNER JOIN t_bigdata_camera_info camera ON tempTable.devId = camera.dev_id
            <if test="activityRoutineType == 0">
                where tempTable.number <![CDATA[>]]> 3
            </if>
            <if test="activityRoutineType == 1">
                where tempTable.number <![CDATA[<= ]]> 3
            </if>
            order by tempTable.startTime desc
    </select>

    <select id="getSnap" resultType="java.lang.Integer" parameterType="java.lang.String">
        select
          count(distinct thumbnail_id) number
        from
          t_bigdata_event
        where
          create_time <![CDATA[<= ]]> #{endTime}
        and
          create_time <![CDATA[>= ]]> #{startTime}
    </select>

    <select id="findByImageUrl" parameterType="java.lang.String" resultType="java.lang.String">
        select distinct thumbnail_id
        from t_bigdata_event
        where image_url = #{imageUrl,jdbcType=VARCHAR}
    </select>

    <select id="statisticSnapByDate" parameterType="java.lang.String" resultType="java.lang.Integer">
        select
          count(distinct thumbnail_id) incNum
        from
          t_bigdata_event
    </select>

</mapper>