<?xml version="1.0" encoding="UTF-8"?>
<!DOCTYPE mapper PUBLIC "-//mybatis.org//DTD Mapper 3.0//EN" "http://mybatis.org/dtd/mybatis-3-mapper.dtd">
<mapper namespace="com.intellif.cloud.personfile.manage.services.base">
    <resultMap id="StatisticPersonfileFlowBaseResultMap"
               type="com.intellif.cloud.personfile.manage.entity.StatisticPersonfileFlow">
        <id column="id" jdbcType="BIGINT" property="id"/>
        <result column="create_time" jdbcType="TIMESTAMP" property="createTime"/>
        <result column="modify_time" jdbcType="TIMESTAMP" property="modifiedTime"/>
        <result column="dt" jdbcType="DATE" property="statisticDate"/>
        <result column="flow_total" jdbcType="INTEGER" property="statisticFlowTotal"/>
        <result column="miss_total" jdbcType="INTEGER" property="statisticFlowMissTotal"/>
    </resultMap>
    <sql id="StatisticPersonfileFlowBase_Column_List">
        id, create_time, modify_time, dt, flow_total,miss_total
    </sql>
    <delete id="deleteStatisticPersonfileFlow" parameterType="java.lang.Long">
        delete from t_bigdata_statistic_flow_daily
        where id = #{id,jdbcType=BIGINT}
    </delete>

    <select id="findByStatisticDate" parameterType="java.lang.String" resultMap="StatisticPersonfileFlowBaseResultMap">
        select
        <include refid="StatisticPersonfileFlowBase_Column_List"/>
        from
        t_bigdata_statistic_flow_daily
        <where>
            <if test="statisticDate != null">
                dt = DATE_FORMAT(#{statisticDate},'%Y-%m-%d')
            </if>
        </where>
    </select>

    <select id="findPersonfileFlow" parameterType="java.lang.String" resultMap="StatisticPersonfileFlowBaseResultMap">
        select
        <include refid="StatisticPersonfileFlowBase_Column_List"/>
        from
        t_bigdata_statistic_flow_daily
        <where>
            <if test="startDay != null and endDay != null">
                dt between DATE_FORMAT(#{startDay},'%Y-%m-%d') and DATE_FORMAT(#{endDay},'%Y-%m-%d')
            </if>
        </where>
    </select>

    <insert id="batchInsertStatisticPersonfileFlow"
            parameterType="com.intellif.cloud.personfile.manage.entity.StatisticPersonfileFlow">
        insert into t_bigdata_statistic_flow_daily
        (
        id,
        create_time,
        modify_time,
        dt,
        flow_total,
        miss_total
        )
        values
        <foreach collection="list" item="statisticPersonfileFlow" separator=",">
            (
            #{statisticPersonfileFlow.id,jdbcType=BIGINT},
            #{statisticPersonfileFlow.createTime,jdbcType=TIMESTAMP},
            #{statisticPersonfileFlow.modifiedTime,jdbcType=TIMESTAMP},
            #{statisticPersonfileFlow.statisticDate,jdbcType=DATE},
            #{statisticPersonfileFlow.statisticFlowTotal,jdbcType=INTEGER},
            #{statisticPersonfileFlow.statisticFlowMissTotal,jdbcType=INTEGER}
            )
        </foreach>
    </insert>


    <insert id="insertStatisticPersonfileFlow"
            parameterType="com.intellif.cloud.personfile.manage.entity.StatisticPersonfileFlow">
        replace into t_bigdata_statistic_flow_daily
        <trim prefix="(" suffix=")" suffixOverrides=",">
            <if test="id != null">
                id,
            </if>
            <if test="createTime != null">
                create_time,
            </if>
            <if test="modifiedTime != null">
                modify_time,
            </if>
            <if test="statisticDate != null">
                dt,
            </if>
            <if test="statisticFlowTotal != null">
                flow_total,
            </if>
            <if test="statisticFlowMissTotal != null">
                miss_total,
            </if>
        </trim>
        <trim prefix="values (" suffix=")" suffixOverrides=",">
            <if test="id != null">
                #{id,jdbcType=BIGINT},
            </if>
            <if test="createTime != null">
                #{createTime,jdbcType=TIMESTAMP},
            </if>
            <if test="modifiedTime != null">
                #{modifiedTime,jdbcType=TIMESTAMP},
            </if>
            <if test="statisticDate != null">
                #{statisticDate,jdbcType=DATE},
            </if>
            <if test="statisticFlowTotal != null">
                #{statisticFlowTotal,jdbcType=INTEGER},
            </if>
            <if test="statisticFlowMissTotal != null">
                #{statisticFlowMissTotal,jdbcType=INTEGER},
            </if>
        </trim>
    </insert>
    <update id="updateStatisticPersonfileFlow"
            parameterType="com.intellif.cloud.personfile.manage.entity.StatisticPersonfileFlow">
        update t_bigdata_statistic_flow_daily
        <set>
            <if test="createTime != null">
                create_time = #{createTime,jdbcType=TIMESTAMP},
            </if>
            <if test="modifiedTime != null">
                modify_time = #{modifiedTime,jdbcType=TIMESTAMP},
            </if>
            <if test="statisticDate != null">
                dt = #{statisticDate,jdbcType=DATE},
            </if>
            <if test="statisticFlowTotal != null">
                flow_total = #{statisticFlowTotal,jdbcType=INTEGER},
            </if>
            <if test="statisticFlowMissTotal != null">
                miss_total = #{statisticFlowMissTotal,jdbcType=INTEGER},
            </if>
        </set>
        where id = #{id,jdbcType=BIGINT}
    </update>

</mapper>