<?xml version="1.0" encoding="UTF-8"?>
<!DOCTYPE mapper PUBLIC "-//mybatis.org//DTD Mapper 3.0//EN" "http://mybatis.org/dtd/mybatis-3-mapper.dtd">
<mapper namespace="com.intellif.cloud.personfile.manage.services.base">
  <resultMap id="StatisticPersonfileBaseResultMap" type="com.intellif.cloud.personfile.manage.entity.StatisticPersonfile">
    <id column="id" jdbcType="BIGINT" property="id" />
    <result column="create_time" jdbcType="TIMESTAMP" property="createTime" />
    <result column="modify_time" jdbcType="TIMESTAMP" property="modifiedTime" />
    <result column="dt" jdbcType="DATE" property="statisticDate" />
    <result column="total" jdbcType="INTEGER" property="statisticTotal" />
    <result column="real_name_total" jdbcType="INTEGER" property="statisticRealNameTotal" />
    <result column="inc_num" jdbcType="INTEGER" property="statisticNewNum" />
  </resultMap>
  <sql id="StatisticPersonfileBase_Column_List">
    id, create_time, modify_time, dt, total,
    real_name_total, inc_num
  </sql>
  <insert id="insertStatisticPersonfile" parameterType="com.intellif.cloud.personfile.manage.entity.StatisticPersonfile">
    replace into t_bigdata_statistic_archive_daily
    <trim prefix="(" suffix=")" suffixOverrides=",">
      <if test="id != null">
        id,
      </if>
      <if test="createTime != null">
        create_time,
      </if>
      <if test="modifiedTime != null">
        modify_time,
      </if>
      <if test="statisticDate != null">
        dt,
      </if>
      <if test="statisticTotal != null">
        total,
      </if>
      <if test="statisticRealNameTotal != null">
        real_name_total,
      </if>
      <if test="statisticNewNum != null">
        inc_num,
      </if>
    </trim>
    <trim prefix="values (" suffix=")" suffixOverrides=",">
      <if test="id != null">
        #{id,jdbcType=BIGINT},
      </if>
      <if test="createTime != null">
        #{createTime,jdbcType=TIMESTAMP},
      </if>
      <if test="modifiedTime != null">
        #{modifiedTime,jdbcType=TIMESTAMP},
      </if>
      <if test="statisticDate != null">
        #{statisticDate,jdbcType=DATE},
      </if>
      <if test="statisticTotal != null">
        #{statisticTotal,jdbcType=INTEGER},
      </if>
      <if test="statisticRealNameTotal != null">
        #{statisticRealNameTotal,jdbcType=INTEGER},
      </if>
      <if test="statisticNewNum != null">
        #{statisticNewNum,jdbcType=INTEGER},
      </if>
    </trim>
  </insert>
  <update id="updateStatisticPersonfile" parameterType="com.intellif.cloud.personfile.manage.entity.StatisticPersonfile">
    update t_bigdata_statistic_archive_daily
    <set>
      <if test="createTime != null">
        create_time = #{createTime,jdbcType=TIMESTAMP},
      </if>
      <if test="modifiedTime != null">
        modify_time = #{modifiedTime,jdbcType=TIMESTAMP},
      </if>
      <if test="statisticDate != null">
        dt = #{statisticDate,jdbcType=DATE},
      </if>
      <if test="statisticTotal != null">
        total = #{statisticTotal,jdbcType=INTEGER},
      </if>
      <if test="statisticRealNameTotal != null">
        real_name_total = #{statisticRealNameTotal,jdbcType=INTEGER},
      </if>
      <if test="statisticNewNum != null">
        inc_num = #{statisticNewNum,jdbcType=INTEGER},
      </if>
    </set>
    where id = #{id,jdbcType=BIGINT}
  </update>
</mapper>