<?xml version="1.0" encoding="UTF-8"?>
<!DOCTYPE mapper PUBLIC "-//mybatis.org//DTD Mapper 3.0//EN" "http://mybatis.org/dtd/mybatis-3-mapper.dtd">
<mapper namespace="com.intellif.cloud.personfile.manage.services.base">
  <resultMap id="BigdataAnalysisEventBaseResultMap" type="com.intellif.cloud.personfile.manage.entity.BigdataAnalysisEvent">
    <id column="id" jdbcType="BIGINT" property="id" />
    <result column="task_id" jdbcType="BIGINT" property="taskId" />
    <result column="aid" jdbcType="VARCHAR" property="aid" />
    <result column="source_aid" jdbcType="VARCHAR" property="sourceAid" />
    <result column="camera_id" jdbcType="VARCHAR" property="cameraId" />
    <result column="face_id" jdbcType="VARCHAR" property="faceId" />
    <result column="face_url" jdbcType="VARCHAR" property="faceUrl" />
    <result column="score" jdbcType="DOUBLE" property="score" />
    <result column="date" jdbcType="BIGINT" property="date" />
    <result column="time" jdbcType="BIGINT" property="time" />
    <result column="area_code" jdbcType="VARCHAR" property="areaCode" />
    <result column="image_id" jdbcType="VARCHAR" property="imageId" />
    <result column="image_url" jdbcType="VARCHAR" property="imageUrl" />
    <result column="target_rect" jdbcType="VARCHAR" property="targetRect" />
    <result column="sys_code" jdbcType="VARCHAR" property="sysCode" />
    <result column="site" jdbcType="VARCHAR" property="site" />
    <result column="create_time" jdbcType="TIMESTAMP" property="createTime" />
    <result column="create_by" jdbcType="VARCHAR" property="createBy" />
    <result column="modify_time" jdbcType="TIMESTAMP" property="modifyTime" />
    <result column="modify_by" jdbcType="VARCHAR" property="modifyBy" />
  </resultMap>

  <sql id="BigdataAnalysisEvent_Base_Column_List">
    id, aid, camera_id, face_id, face_url, image_id, image_url, score, date, time, create_time, create_by, task_id, area_code, source_aid,
    modify_time, modify_by, target_rect, sys_code, site
  </sql>

  <select id="findAnalysisEventById" parameterType="java.lang.Long" resultMap="BigdataAnalysisEventBaseResultMap">
    select 
    <include refid="BigdataAnalysisEvent_Base_Column_List" />
    from t_bigdata_analysis_event
    where id = #{id,jdbcType=BIGINT}
  </select>

  <delete id="deleteBigdataAnalysisEvent" parameterType="java.lang.Long">
    delete from t_bigdata_analysis_event
    where id = #{id,jdbcType=BIGINT}
  </delete>

  <insert id="insertBigdataAnalysisEvent" parameterType="com.intellif.cloud.personfile.manage.entity.BigdataAnalysisEvent">
    insert into t_bigdata_analysis_event
    <trim prefix="(" suffix=")" suffixOverrides=",">
      <if test="id != null">
        id,
      </if>
      <if test="taskId != null">
        task_id,
      </if>
      <if test="aid != null">
        aid,
      </if>
      <if test="sourceAid != null">
        source_aid,
      </if>
      <if test="cameraId != null">
        camera_id,
      </if>
      <if test="faceId != null">
        face_id,
      </if>
      <if test="faceUrl != null">
        face_url,
      </if>
      <if test="imageId != null">
        image_id,
      </if>
      <if test="imageUrl != null">
        image_url,
      </if>
      <if test="targetRect != null">
        target_rect,
      </if>
      <if test="sysCode != null">
        sys_code,
      </if>
      <if test="site != null">
        site,
      </if>
      <if test="score != null">
        score,
      </if>
      <if test="date != null">
        date,
      </if>
      <if test="time != null">
        time,
      </if>
      <if test="areaCode != null">
        area_code,
      </if>
      <if test="createTime != null">
        create_time,
      </if>
      <if test="createBy != null">
        create_by,
      </if>
      <if test="modifyTime != null">
        modify_time,
      </if>
      <if test="modifyBy != null">
        modify_by,
      </if>
    </trim>
    <trim prefix="values (" suffix=")" suffixOverrides=",">
      <if test="id != null">
        #{id,jdbcType=BIGINT},
      </if>
      <if test="taskId != null">
        #{taskId,jdbcType=BIGINT},
      </if>
      <if test="aid != null">
        #{aid,jdbcType=VARCHAR},
      </if>
      <if test="sourceAid != null">
        #{sourceAid,jdbcType=VARCHAR},
      </if>
      <if test="cameraId != null">
        #{cameraId,jdbcType=VARCHAR},
      </if>
      <if test="faceId != null">
        #{faceId,jdbcType=VARCHAR},
      </if>
      <if test="faceUrl != null">
        #{faceUrl,jdbcType=VARCHAR},
      </if>
      <if test="imageId != null">
        #{imageId,jdbcType=VARCHAR},
      </if>
      <if test="imageUrl != null">
        #{imageUrl,jdbcType=VARCHAR},
      </if>
      <if test="targetRect != null">
        #{targetRect},
      </if>
      <if test="sysCode != null">
        #{sysCode},
      </if>
      <if test="site != null">
        #{site},
      </if>
      <if test="score != null">
        #{score,jdbcType=DOUBLE},
      </if>
      <if test="date != null">
        #{date,jdbcType=BIGINT},
      </if>
      <if test="time != null">
        #{time,jdbcType=BIGINT},
      </if>
      <if test="areaCode != null">
        #{areaCode,jdbcType=VARCHAR},
      </if>
      <if test="createTime != null">
        #{createTime,jdbcType=TIMESTAMP},
      </if>
      <if test="createBy != null">
        #{createBy,jdbcType=VARCHAR},
      </if>
      <if test="modifyTime != null">
        #{modifyTime,jdbcType=TIMESTAMP},
      </if>
      <if test="modifyBy != null">
        #{modifyBy,jdbcType=VARCHAR},
      </if>
    </trim>
  </insert>

  <update id="updateBigdataAnalysisEvent" parameterType="com.intellif.cloud.personfile.manage.entity.BigdataAnalysisEvent">
    update t_bigdata_analysis_event
    <set>
      <if test="cameraId != null">
        camera_id = #{cameraId,jdbcType=VARCHAR},
      </if>
      <if test="faceId != null">
        face_id = #{faceId,jdbcType=VARCHAR},
      </if>
      <if test="faceUrl != null">
        face_url = #{faceUrl,jdbcType=VARCHAR},
      </if>
      <if test="imageId != null">
        image_id = #{imageId,jdbcType=VARCHAR},
      </if>
      <if test="imageUrl != null">
        image_url = #{imageUrl,jdbcType=VARCHAR},
      </if>
      <if test="score != null">
        score = #{score,jdbcType=DOUBLE},
      </if>
      <if test="date != null">
        date = #{date,jdbcType=BIGINT},
      </if>
      <if test="time != null">
        time = #{time,jdbcType=BIGINT},
      </if>
      <if test="areaCode != null">
        area_code = #{areaCode,jdbcType=VARCHAR},
      </if>
      <if test="targetRect != null">
        target_rect = #{targetRect},
      </if>
      <if test="sysCode != null">
        sys_code = #{sysCode},
      </if>
      <if test="site != null">
        site = #{site},
      </if>
      <if test="createTime != null">
        create_time = #{createTime,jdbcType=TIMESTAMP},
      </if>
      <if test="createBy != null">
        create_by = #{createBy,jdbcType=VARCHAR},
      </if>
      <if test="modifyTime != null">
        modify_time = #{modifyTime,jdbcType=TIMESTAMP},
      </if>
      <if test="modifyBy != null">
        modify_by = #{modifyBy,jdbcType=VARCHAR},
      </if>
    </set>
    where id = #{id,jdbcType=BIGINT}
  </update>
</mapper>