<?xml version="1.0" encoding="UTF-8"?>
<!DOCTYPE mapper PUBLIC "-//mybatis.org//DTD Mapper 3.0//EN" "http://mybatis.org/dtd/mybatis-3-mapper.dtd">
<mapper namespace="com.intellif.cloud.personfile.manage.services.base">

    <!--摄像头-->

    <resultMap id="PersonfileCameraResultMap" type="com.intellif.cloud.personfile.manage.entity.PersonfileCamera">
        <id column="id" jdbcType="INTEGER" property="id"/>
        <result column="ip" jdbcType="VARCHAR" property="ip"/>
        <result column="port" jdbcType="VARCHAR" property="port"/>
        <result column="area_id" jdbcType="VARCHAR" property="areaId"/>
        <result column="geo_string" jdbcType="VARCHAR" property="geoString"/>
        <result column="is_deleted" jdbcType="INTEGER" property="deleteStatus"/>
        <result column="name" jdbcType="VARCHAR" property="name"/>
        <result column="device_type" jdbcType="VARCHAR" property="deviceType"/>
        <result column="create_by" jdbcType="VARCHAR" property="creater"/>
        <result column="modify_by" jdbcType="VARCHAR" property="modifier"/>
        <result column="create_time" jdbcType="TIMESTAMP" property="createTime"/>
        <result column="modify_time" jdbcType="TIMESTAMP" property="modifiedTime"/>
        <result column="dev_id" jdbcType="VARCHAR" property="devId"/>
        <result column="op_type" jdbcType="BIGINT" property="opType"/>
        <result column="status" jdbcType="INTEGER" property="status"/>
    </resultMap>

    <sql id="PersonfileCamera_Column_List">
        id,
        ip,
        area_id,
        geo_string,
        is_deleted,
        name,
        device_type,
        dev_id,
        op_type,
        create_by,
        modify_by,
        create_time,
        modify_time,
        status
    </sql>

    <!--根据id查询-->
    <select id="findByIdPersonfileCamera" parameterType="java.lang.Long" resultMap="PersonfileCameraResultMap">
        select
        <include refid="PersonfileCamera_Column_List"/>
        from t_bigdata_camera_info
        where id = #{id,jdbcType=INTEGER}
    </select>

    <!--条件查询设备列表-->
    <select id="findPersonfileCamera"
            parameterType="com.intellif.cloud.personfile.manage.model.dto.camera.PersonfileCameraReqDTO"
            resultType="com.intellif.cloud.personfile.manage.entity.PersonfileCamera">
        select
        <include refid="PersonfileCamera_Column_List"/>
        from t_bigdata_camera_info tci
        <where>
            <if test="name!='' and name!=null">
                AND tci.name like concat(concat('%',#{name}),'%')
            </if>
            <if test="deviceType!=null">
                AND tci.device_type = #{deviceType}
            </if>
            <if test="devId!=null">
                AND tci.dev_id = #{devId}
            </if>
            <if test="areaId!=null">
                AND tci.area_id = #{areaId}
            </if>
            <choose>
                <when test="startTime!='' and endTime!=''">
                    AND tci.create_time &gt;= #{startTime} and tci.create_time &lt;= #{endTime}
                </when>
                <when test="startTime!='' and endTime==''">
                    AND tci.create_time &gt;= #{startTime}
                </when>
                <when test="startTime=='' and endTime!=''">
                    AND tci.create_time &lt;= #{endTime}
                </when>
            </choose>
        </where>
        order by create_time desc
    </select>

    <!--新增-->
    <insert id="insertPersonfileCamera"
            parameterType="com.intellif.cloud.personfile.manage.entity.PersonfileCamera">
        insert into t_bigdata_camera_info
        <trim prefix="(" suffix=")" suffixOverrides=",">
            <if test="id != null">
                id,
            </if>
            <if test="ip !=null">
                ip,
            </if>
            <if test="devId != null and devId!=''">
                dev_id,
            </if>
            <if test="opType != null">
                op_type,
            </if>
            <if test="port != null">
                port,
            </if>
            <if test="areaId != null">
                area_id,
            </if>
            <if test="geoString != null">
                geo_string,
            </if>
            <if test="name != null">
                name,
            </if>
            <if test="deviceType != null">
                device_type,
            </if>
            <if test="deleteStatus != null">
                is_deleted,
            </if>
            <if test="creater != null">
                create_by,
            </if>
            <if test="createTime != null">
                create_time,
            </if>
            <if test="status">
                status
            </if>
        </trim>
        <trim prefix="values (" suffix=")" suffixOverrides=",">
            <if test="id != null">
                #{id},
            </if>
            <if test="ip !=null">
                #{ip},
            </if>
            <if test="devId != null and devId!=''">
                #{devId},
            </if>
            <if test="opType != null">
                #{opType},
            </if>
            <if test="port != null">
                #{port},
            </if>
            <if test="areaId != null">
                #{areaId},
            </if>
            <if test="geoString != null">
                #{geoString},
            </if>
            <if test="name != null">
                #{name},
            </if>
            <if test="deviceType != null">
                #{deviceType},
            </if>
            <if test="deleteStatus != null">
                #{deleteStatus},
            </if>
            <if test="creater != null">
                #{creater},
            </if>
            <if test="createTime != null">
                #{createTime},
            </if>
            <if test="status">
                #{status}
            </if>
        </trim>
    </insert>

    <!--根据摄像头id查询详情-->
    <select id="findCameraByDevId" parameterType="java.lang.String"
            resultType="com.intellif.cloud.personfile.manage.entity.PersonfileCamera">
        select
        <include refid="PersonfileCamera_Column_List"/>
        from t_bigdata_camera_info
        where dev_id = #{devId}
    </select>

    <!--根据摄像头id集合查询详情-->
    <select id="findCameraByDevIdList" parameterType="java.lang.String"
            resultMap="PersonfileCameraResultMap">
        select
        <include refid="PersonfileCamera_Column_List"/>
        from t_bigdata_camera_info
        where dev_id in
        <foreach collection="devIdList" item="devId" open="(" separator="," close=")">
            #{devId,jdbcType=VARCHAR}
        </foreach>
    </select>

    <delete id="deletePersonfileCamera">
        delete from t_bigdata_camera_info;
    </delete>

</mapper>