<?xml version="1.0" encoding="UTF-8"?>
<!DOCTYPE mapper PUBLIC "-//mybatis.org//DTD Mapper 3.0//EN" "http://mybatis.org/dtd/mybatis-3-mapper.dtd">
<mapper namespace="com.intellif.cloud.personfile.manage.services.base">
    <resultMap id="PersonfileRubbishResultMap"
               type="com.intellif.cloud.personfile.manage.entity.PersonfileRubbish">
        <id column="id" jdbcType="BIGINT" property="id"/>
        <result column="aid" jdbcType="VARCHAR" property="personFilesId"/>
        <result column="thumbnail_id" jdbcType="VARCHAR" property="faceId"/>
        <result column="thumbnail_url" jdbcType="VARCHAR" property="faceUrl"/>
        <result column="image_id" jdbcType="VARCHAR" property="imageId"/>
        <result column="image_url" jdbcType="VARCHAR" property="imageUrl"/>
        <result column="sys_code" jdbcType="VARCHAR" property="sysCode"/>
        <result column="algo_version" jdbcType="VARCHAR" property="algoVersion"/>
        <result column="gender_info" jdbcType="VARCHAR" property="genderInfo"/>
        <result column="age_info" jdbcType="VARCHAR" property="ageInfo"/>
        <result column="hairstyle_info" jdbcType="VARCHAR" property="hairstyleInfo"/>
        <result column="hat_info" jdbcType="VARCHAR" property="hatInfo"/>
        <result column="glasses_info" jdbcType="VARCHAR" property="glassesInfo"/>
        <result column="race_info" jdbcType="VARCHAR" property="raceInfo"/>
        <result column="mask_info" jdbcType="VARCHAR" property="maskInfo"/>
        <result column="skin_info" jdbcType="VARCHAR" property="skinInfo"/>
        <result column="pose_info" jdbcType="VARCHAR" property="poseInfo"/>
        <result column="quality_info" jdbcType="FLOAT" property="qualityInfo"/>
        <result column="target_rect" jdbcType="VARCHAR" property="targetRect"/>
        <result column="target_rect_float" jdbcType="VARCHAR" property="targetRectFloat"/>
        <result column="land_mark_info" jdbcType="VARCHAR" property="landMarkInfo"/>
        <result column="source_id" jdbcType="VARCHAR" property="sourceId"/>
        <result column="source_type" jdbcType="VARCHAR" property="sourceType"/>
        <result column="site" jdbcType="VARCHAR" property="site"/>
        <result column="time" jdbcType="TIMESTAMP" property="snapTime"/>
        <result column="create_time" jdbcType="TIMESTAMP" property="createTime"/>
        <result column="column1" jdbcType="VARCHAR" property="column1"/>
        <result column="column2" jdbcType="VARCHAR" property="column2"/>
        <result column="column3" jdbcType="VARCHAR" property="column3"/>
        <result column="is_deleted" jdbcType="INTEGER" property="isDeleted"/>
    </resultMap>
    <sql id="PersonfileRubbish_Column_List">
        id,
        time,
        thumbnail_id,
        thumbnail_url,
        image_id,
        image_url,
        target_rect,
        is_deleted
    </sql>
    <sql id="PersonfileRubbishToCluster_Column_List">
        id,
        aid,
        sys_code,
        thumbnail_id,
        thumbnail_url,
        image_id,
        image_url,
        algo_version,
        gender_info,
        age_info,
        hairstyle_info,
        hat_info,
        glasses_info,
        race_info,
        mask_info,
        skin_info,
        pose_info,
        quality_info,
        target_rect,
        target_rect_float,
        land_mark_info,
        source_id,
        source_type,
        site,
        time,
        NOW() createTime,
        column1,
        "{\"fromRecycleBin\":1}" column2,
        column3
    </sql>
    <select id="findPersonfileRubbishToCluster" resultType="java.util.Map">
        select
        <include refid="PersonfileRubbishToCluster_Column_List"/>
        from
        t_bigdata_rubbish
        where is_deleted = 0
        order by id desc
    </select>
    <select id="findPersonfileRubbish" resultMap="PersonfileRubbishResultMap">
        select
        <include refid="PersonfileRubbish_Column_List"/>
        from t_bigdata_rubbish
        where is_deleted = 0
    </select>
    <insert id="insertPersonfileRubbish" useGeneratedKeys="true" keyProperty="id"
            parameterType="com.intellif.cloud.personfile.manage.entity.PersonfileRubbish">
        insert into t_bigdata_rubbish
        <trim prefix="(" suffix=")" suffixOverrides=",">
            <if test="id != null">
                id,
            </if>
            <if test="personFilesId != null">
                aid,
            </if>
            <if test="faceId != null">
                thumbnail_id,
            </if>
            <if test="faceUrl != null">
                thumbnail_url,
            </if>
            <if test="imageId != null">
                image_id,
            </if>
            <if test="imageUrl != null">
                image_url,
            </if>
            <if test="sysCode != null">
                sys_code,
            </if>
            <if test="algoVersion != null">
                algo_version,
            </if>
            <if test="genderInfo != null">
                gender_info,
            </if>
            <if test="ageInfo != null">
                age_info,
            </if>
            <if test="hairstyleInfo != null">
                hairstyle_info,
            </if>
            <if test="hatInfo != null">
                hat_info,
            </if>
            <if test="glassesInfo != null">
                glasses_info,
            </if>
            <if test="raceInfo != null">
                race_info,
            </if>
            <if test="maskInfo != null">
                mask_info,
            </if>
            <if test="skinInfo != null">
                skin_info,
            </if>
            <if test="poseInfo != null">
                pose_info,
            </if>
            <if test="qualityInfo != null">
                quality_info,
            </if>
            <if test="targetRect != null">
                target_rect,
            </if>
            <if test="targetRectFloat != null">
                target_rect_float,
            </if>
            <if test="landMarkInfo != null">
                land_mark_info,
            </if>
            <if test="featureQuality != null">
                feature_quality,
            </if>
            <if test="sourceId != null">
                source_id,
            </if>
            <if test="sourceType != null">
                source_type,
            </if>
            <if test="site != null">
                site,
            </if>
            <if test="snapTime != null">
                time,
            </if>
            <if test="createTime != null">
                create_time,
            </if>
            <if test="column1 != null">
                column1,
            </if>
            <if test="column2 != null">
                column2,
            </if>
            <if test="column3 != null">
                column3,
            </if>
            <if test="isDeleted != null">
                is_deleted,
            </if>
        </trim>
        <trim prefix="values (" suffix=")" suffixOverrides=",">
            <if test="id != null">
                #{id,jdbcType=BIGINT},
            </if>
            <if test="personFilesId != null">
                #{personFilesId,jdbcType=VARCHAR},
            </if>
            <if test="faceId != null">
                #{faceId,jdbcType=VARCHAR},
            </if>
            <if test="faceUrl != null">
                #{faceUrl,jdbcType=VARCHAR},
            </if>
            <if test="imageId != null">
                #{imageId,jdbcType=VARCHAR},
            </if>
            <if test="imageUrl != null">
                #{imageUrl,jdbcType=VARCHAR},
            </if>
            <if test="sysCode != null">
                #{sysCode,jdbcType=VARCHAR},
            </if>
            <if test="algoVersion != null">
                #{algoVersion,jdbcType=INTEGER},
            </if>
            <if test="genderInfo != null">
                #{genderInfo,jdbcType=VARCHAR},
            </if>
            <if test="ageInfo != null">
                #{ageInfo,jdbcType=VARCHAR},
            </if>
            <if test="hairstyleInfo != null">
                #{hairstyleInfo,jdbcType=VARCHAR},
            </if>
            <if test="hatInfo != null">
                #{hatInfo,jdbcType=VARCHAR},
            </if>
            <if test="glassesInfo != null">
                #{glassesInfo,jdbcType=VARCHAR},
            </if>
            <if test="raceInfo != null">
                #{raceInfo,jdbcType=VARCHAR},
            </if>
            <if test="maskInfo != null">
                #{maskInfo,jdbcType=VARCHAR},
            </if>
            <if test="skinInfo != null">
                #{skinInfo,jdbcType=VARCHAR},
            </if>
            <if test="poseInfo != null">
                #{poseInfo,jdbcType=VARCHAR},
            </if>
            <if test="qualityInfo != null">
                #{qualityInfo,jdbcType=FLOAT},
            </if>
            <if test="targetRect != null">
                #{targetRect,jdbcType=VARCHAR},
            </if>
            <if test="targetRectFloat != null">
                #{targetRectFloat,jdbcType=VARCHAR},
            </if>
            <if test="landMarkInfo != null">
                #{landMarkInfo,jdbcType=VARCHAR},
            </if>
            <if test="featureQuality != null">
                #{featureQuality,jdbcType=FLOAT},
            </if>
            <if test="sourceId != null">
                #{sourceId,jdbcType=BIGINT},
            </if>
            <if test="sourceType != null">
                #{sourceType,jdbcType=INTEGER},
            </if>
            <if test="site != null">
                #{site,jdbcType=VARCHAR},
            </if>
            <if test="snapTime != null">
                DATE_FORMAT(#{snapTime,jdbcType=TIMESTAMP},'%Y-%m-%d %H:%i:%S'),
            </if>
            <if test="createTime != null">
                DATE_FORMAT(#{createTime,jdbcType=TIMESTAMP},'%Y-%m-%d %H:%i:%S'),
            </if>
            <if test="column1 != null">
                #{column1,jdbcType=VARCHAR},
            </if>
            <if test="column2 != null">
                #{column2,jdbcType=VARCHAR},
            </if>
            <if test="column3 != null">
                #{column3,jdbcType=VARCHAR},
            </if>
            <if test="isDeleted != null">
                #{isDeleted,jdbcType=INTEGER},
            </if>
        </trim>
    </insert>

    <insert id="insertBatchPersonfileRubbish" parameterType="java.util.List">
        INSERT INTO t_bigdata_rubbish(
        id,
        aid,
        thumbnail_id,
        thumbnail_url,
        image_id,
        image_url,
        sys_code,
        algo_version,
        gender_info,
        age_info,
        hairstyle_info,
        hat_info,
        glasses_info,
        race_info,
        mask_info,
        skin_info,
        pose_info,
        quality_info,
        target_rect,
        target_rect_float,
        land_mark_info,
        feature_quality,
        source_id,
        source_type,
        site,
        time,
        create_time,
        column1,
        column2,
        column3)
        VALUES
        <foreach collection="list" item="rubbish" index="index" separator=",">
            (#{rubbish.id,jdbcType=BIGINT},
            #{rubbish.personFilesId,jdbcType=VARCHAR},
            #{rubbish.faceId,jdbcType=VARCHAR},
            #{rubbish.faceUrl,jdbcType=VARCHAR},
            #{rubbish.imageId,jdbcType=VARCHAR},
            #{rubbish.imageUrl,jdbcType=VARCHAR},
            #{rubbish.sysCode,jdbcType=VARCHAR},
            #{rubbish.algoVersion,jdbcType=VARCHAR},
            #{rubbish.genderInfo,jdbcType=VARCHAR},
            #{rubbish.ageInfo,jdbcType=VARCHAR},
            #{rubbish.hairstyleInfo,jdbcType=VARCHAR},
            #{rubbish.hatInfo,jdbcType=VARCHAR},
            #{rubbish.glassesInfo,jdbcType=VARCHAR},
            #{rubbish.raceInfo,jdbcType=VARCHAR},
            #{rubbish.maskInfo,jdbcType=VARCHAR},
            #{rubbish.skinInfo,jdbcType=VARCHAR},
            #{rubbish.poseInfo,jdbcType=VARCHAR},
            #{rubbish.qualityInfo,jdbcType=FLOAT},
            #{rubbish.targetRect,jdbcType=VARCHAR},
            #{rubbish.targetRectFloat,jdbcType=VARCHAR},
            #{rubbish.landMarkInfo,jdbcType=VARCHAR},
            #{rubbish.featureQuality,jdbcType=FLOAT},
            #{rubbish.sourceId,jdbcType=BIGINT},
            #{rubbish.sourceType,jdbcType=VARCHAR},
            #{rubbish.site,jdbcType=VARCHAR},
            DATE_FORMAT(#{rubbish.snapTime,jdbcType=TIMESTAMP},'%Y-%m-%d %H:%i:%S'),
            DATE_FORMAT(#{rubbish.createTime,jdbcType=TIMESTAMP},'%Y-%m-%d %H:%i:%S'),
            #{rubbish.column1,jdbcType=VARCHAR},
            #{rubbish.column2,jdbcType=VARCHAR},
            #{rubbish.column3,jdbcType=VARCHAR})
        </foreach>
    </insert>

    <update id="updatePersonfileRubbish"
            parameterType="com.intellif.cloud.personfile.manage.entity.PersonfileRubbish">
        update t_bigdata_rubbish
        set is_deleted = 1
        <if test="id != null">
            where id = #{id,jdbcType=BIGINT}
        </if>
    </update>

    <delete id="deleteArrayList" parameterType="java.util.List">
        delete from t_bigdata_rubbish
        WHERE id in
        <foreach item="item" index="index" collection="list" open="(" separator="," close=")">
            #{item,jdbcType=BIGINT}
        </foreach>
    </delete>
</mapper>