<?xml version="1.0" encoding="UTF-8"?>
<!DOCTYPE mapper PUBLIC "-//mybatis.org//DTD Mapper 3.0//EN" "http://mybatis.org/dtd/mybatis-3-mapper.dtd">
<mapper namespace="com.intellif.cloud.personfile.manage.services.base">
    <resultMap id="StatisticPersonfileTypeBaseResultMap"
               type="com.intellif.cloud.personfile.manage.entity.StatisticPersonfileType">
        <id column="id" jdbcType="INTEGER" property="id"/>
        <result column="create_time" jdbcType="TIMESTAMP" property="createTime"/>
        <result column="modify_time" jdbcType="TIMESTAMP" property="modifiedTime"/>
        <result column="label_id" jdbcType="INTEGER" property="personFileTypeId"/>
        <result column="label_name" jdbcType="VARCHAR" property="personFileTypeName"/>
        <result column="total" jdbcType="BIGINT" property="personFileNum"/>
    </resultMap>
    <sql id="StatisticPersonfileTypeBase_Column_List">
        id, create_time, modify_time, label_id, label_name, total
    </sql>
    <delete id="deleteStatisticPersonfileType" parameterType="java.lang.Integer">
        delete from t_bigdata_statistic_label_distribute
        where id = #{id,jdbcType=INTEGER}
    </delete>
    <insert id="batchInsertStatisticPersonfileType"
            parameterType="com.intellif.cloud.personfile.manage.entity.StatisticPersonfileType">
        insert into t_bigdata_statistic_label_distribute
        (
        id,
        create_time,
        modify_time,
        label_id,
        label_name,
        total
        )
        values
        <foreach collection="list" item="statisticPersonfileType" separator=",">
            (
            #{statisticPersonfileType.id,jdbcType=INTEGER},
            #{statisticPersonfileType.createTime,jdbcType=TIMESTAMP},
            #{statisticPersonfileType.modifiedTime,jdbcType=TIMESTAMP},
            #{statisticPersonfileType.personFileTypeId,jdbcType=INTEGER},
            #{statisticPersonfileType.personFileTypeName,jdbcType=VARCHAR},
            #{statisticPersonfileType.personFileNum,jdbcType=BIGINT}
            )
        </foreach>
    </insert>
    <insert id="insertStatisticPersonfileType"
            parameterType="com.intellif.cloud.personfile.manage.entity.StatisticPersonfileType">
        insert into t_bigdata_statistic_label_distribute
        <trim prefix="(" suffix=")" suffixOverrides=",">
            <if test="id != null">
                id,
            </if>
            <if test="createTime != null">
                create_time,
            </if>
            <if test="modifiedTime != null">
                modify_time,
            </if>
            <if test="personFileTypeId != null">
                label_id,
            </if>
            <if test="personFileTypeName != null">
                label_name,
            </if>
            <if test="personFileNum != null">
                total,
            </if>
        </trim>
        <trim prefix="values (" suffix=")" suffixOverrides=",">
            <if test="id != null">
                #{id,jdbcType=INTEGER},
            </if>
            <if test="createTime != null">
                #{createTime,jdbcType=TIMESTAMP},
            </if>
            <if test="modifiedTime != null">
                #{modifiedTime,jdbcType=TIMESTAMP},
            </if>
            <if test="personFileTypeId != null">
                #{personFileTypeId,jdbcType=INTEGER},
            </if>
            <if test="personFileTypeName != null">
                #{personFileTypeName,jdbcType=VARCHAR},
            </if>
            <if test="personFileNum != null">
                #{personFileNum,jdbcType=BIGINT},
            </if>
        </trim>
    </insert>
    <update id="updateStatisticPersonfileType"
            parameterType="com.intellif.cloud.personfile.manage.entity.StatisticPersonfileType">
        update t_bigdata_statistic_label_distribute
        <set>
            <if test="createTime != null">
                create_time = #{createTime,jdbcType=TIMESTAMP},
            </if>
            <if test="modifiedTime != null">
                modify_time = #{modifiedTime,jdbcType=TIMESTAMP},
            </if>
            <if test="personFileTypeId != null">
                label_id = #{personFileTypeId,jdbcType=INTEGER},
            </if>
            <if test="personFileTypeName != null">
                label_name = #{personFileTypeName,jdbcType=VARCHAR},
            </if>
            <if test="personFileNum != null">
                total = #{personFileNum,jdbcType=BIGINT},
            </if>
        </set>
        where id = #{id,jdbcType=INTEGER}
    </update>
</mapper>